date,A
2009-02-19,988.0
2009-02-20,976.74
2009-02-23,942.84
2009-02-24,980.65
2009-02-25,970.16
2009-02-26,954.83
2009-02-27,932.3
2009-03-02,984.19
2009-03-03,977.89
2009-03-04,1001.17
2009-03-05,958.62
2009-03-06,959.77
2009-03-09,950.17
2009-03-10,1010.7
2009-03-11,1013.12
2009-03-12,1054.36
2009-03-13,1062.47
2009-03-16,1058.76
2009-03-17,1092.74
2009-03-18,1115.58
2009-03-19,1101.08
2009-03-20,1079.28
2009-03-23,1155.69
2009-03-24,1132.11
2009-03-25,1142.98
2009-03-26,1169.61
2009-03-27,1145.87
2009-03-30,1105.99
2009-03-31,1120.48
2009-04-01,1240.74
2009-04-02,1276.35
2009-04-03,1288.73
2009-04-06,1278.03
2009-04-07,1247.49
2009-04-08,1262.21
2009-04-09,1310.3
2009-04-13,1313.58
2009-04-14,1287.17
2009-04-15,1303.26
2009-04-16,1323.46
2009-04-17,1330.08
2009-04-20,1273.15
2009-04-21,1300.27
2009-04-22,1290.26
2009-04-23,1303.03
2009-04-24,1324.92
2009-04-27,1311.54
2009-04-28,1308.0
2009-04-29,1336.25
2009-04-30,1334.92
2009-05-01,1442.67
2009-05-04,1491.57
2009-05-05,1485.9
2009-05-06,1511.76
2009-05-07,1491.8
2009-05-08,1527.76
2009-05-11,1494.91
2009-05-12,1493.41
2009-05-13,1453.24
2009-05-14,1468.36
2009-05-15,1451.62
2009-05-18,1495.75
2009-05-19,1493.2
2009-05-20,1485.59
2009-05-21,1460.63
2009-05-22,1458.44
2009-05-26,1496.8
2009-05-27,1468.36
2009-05-28,1490.97
2009-05-29,1511.25
2009-06-01,1652.82
2009-06-02,1656.12
2009-06-03,1633.43
2009-06-04,1652.22
2009-06-05,1648.09
2009-06-08,1646.44
2009-06-09,1652.2
2009-06-10,1646.42
2009-06-11,1656.46
2009-06-12,1658.78
2009-06-15,1619.3
2009-06-16,1598.74
2009-06-17,1596.5
2009-06-18,1609.91
2009-06-19,1614.9
2009-06-22,1565.48
2009-06-23,1569.08
2009-06-24,1579.28
2009-06-25,1613.08
2009-06-26,1610.66
2009-06-29,1625.32
2009-06-30,1611.5
2009-07-01,1719.03
2009-07-02,1669.01
2009-07-06,1673.35
2009-07-07,1640.38
2009-07-08,1637.59
2009-07-09,1643.33
2009-07-10,1636.75
2009-07-13,1677.51
2009-07-14,1686.4
2009-07-15,1736.32
2009-07-16,1751.25
2009-07-17,1750.55
2009-07-20,1770.5
2009-07-21,1776.88
2009-07-22,1775.99
2009-07-23,1817.37
2009-07-24,1822.82
2009-07-27,1828.29
2009-07-28,1823.54
2009-07-29,1815.15
2009-07-30,1836.75
2009-07-31,1838.04
2009-08-03,1967.69
2009-08-04,1973.59
2009-08-05,1967.87
2009-08-06,1956.85
2009-08-07,1983.07
2009-08-10,1976.52
2009-08-11,1951.42
2009-08-12,1973.86
2009-08-13,1987.48
2009-08-14,1970.59
2009-08-17,1922.7
2009-08-18,1942.12
2009-08-19,1955.52
2009-08-20,1976.84
2009-08-21,2013.61
2009-08-24,2012.6
2009-08-25,2017.43
2009-08-26,2017.63
2009-08-27,2023.28
2009-08-28,2019.24
2009-08-31,2002.88
2009-09-01,2056.41
2009-09-02,2049.62
2009-09-03,2067.04
2009-09-04,2094.12
2009-09-08,2112.55
2009-09-09,2129.03
2009-09-10,2151.17
2009-09-11,2148.16
2009-09-14,2161.69
2009-09-15,2168.39
2009-09-16,2201.57
2009-09-17,2194.74
2009-09-18,2200.45
2009-09-21,2192.97
2009-09-22,2207.44
2009-09-23,2185.15
2009-09-24,2164.39
2009-09-25,2151.19
2009-09-28,2189.48
2009-09-29,2184.66
2009-09-30,2177.45
2009-10-01,2218.69
2009-10-02,2208.71
2009-10-05,2241.62
2009-10-06,2272.33
2009-10-07,2278.46
2009-10-08,2295.55
2009-10-09,2308.41
2009-10-12,2318.56
2009-10-13,2312.07
2009-10-14,2352.53
2009-10-15,2362.41
2009-10-16,2343.28
2009-10-19,2365.31
2009-10-20,2350.64
2009-10-21,2329.72
2009-10-22,2354.41
2009-10-23,2325.69
2009-10-26,2298.48
2009-10-27,2290.9
2009-10-28,2246.22
2009-10-29,2296.76
2009-10-30,2232.22
2009-11-02,2347.38
2009-11-03,2353.02
2009-11-04,2355.37
2009-11-05,2400.59
2009-11-06,2406.59
2009-11-09,2460.02
2009-11-10,2459.77
2009-11-11,2472.07
2009-11-12,2446.61
2009-11-13,2460.56
2009-11-16,2496.24
2009-11-17,2498.48
2009-11-18,2497.23
2009-11-19,2463.77
2009-11-20,2455.89
2009-11-23,2489.29
2009-11-24,2488.04
2009-11-25,2499.24
2009-11-27,2456.25
2009-11-30,2465.58
2009-12-01,2596.63
2009-12-02,2597.41
2009-12-03,2575.59
2009-12-04,2589.75
2009-12-07,2583.28
2009-12-08,2556.67
2009-12-09,2566.13
2009-12-10,2581.02
2009-12-11,2590.56
2009-12-14,2608.7
2009-12-15,2594.35
2009-12-16,2597.2
2009-12-17,2566.56
2009-12-18,2581.44
2009-12-21,2608.55
2009-12-22,2617.94
2009-12-23,2623.96
2009-12-24,2637.87
2009-12-28,2641.03
2009-12-29,2637.34
2009-12-30,2637.86
2009-12-31,2611.48
2010-01-04,2754.87
2010-01-05,2763.41
2010-01-06,2764.79
2010-01-07,2775.85
2010-01-08,2783.9
2010-01-11,2788.63
2010-01-12,2762.42
2010-01-13,2785.35
2010-01-14,2792.03
2010-01-15,2761.88
2010-01-19,2796.4
2010-01-20,2766.76
2010-01-21,2714.47
2010-01-22,2654.48
2010-01-25,2666.69
2010-01-26,2655.49
2010-01-27,2668.5
2010-01-28,2637.01
2010-01-29,2611.17
2010-02-01,2749.94
2010-02-02,2785.69
2010-02-03,2770.37
2010-02-04,2684.21
2010-02-05,2691.99
2010-02-08,2668.03
2010-02-09,2702.72
2010-02-10,2696.77
2010-02-11,2722.93
2010-02-12,2715.58
2010-02-16,2764.46
2010-02-17,2776.07
2010-02-18,2794.39
2010-02-19,2800.54
2010-02-22,2797.74
2010-02-23,2763.89
2010-02-24,2790.7
2010-02-25,2784.84
2010-02-26,2788.74
2010-03-01,2918.2
2010-03-02,2924.91
2010-03-03,2926.08
2010-03-04,2936.91
2010-03-05,2978.03
2010-03-08,2977.43
2010-03-09,2982.49
2010-03-10,2995.91
2010-03-11,3007.9
2010-03-12,3007.29
2010-03-15,3008.8
2010-03-16,3032.27
2010-03-17,3049.85
2010-03-18,3048.94
2010-03-19,3033.39
2010-03-22,3048.86
2010-03-23,3070.81
2010-03-24,3053.92
2010-03-25,3048.73
2010-03-26,3050.86
2010-03-29,3068.25
2010-03-30,3068.25
2010-03-31,3058.13
2010-04-01,3181.5
2010-04-05,3206.63
2010-04-06,3212.08
2010-04-07,3193.13
2010-04-08,3203.99
2010-04-09,3225.46
2010-04-12,3231.26
2010-04-13,3233.52
2010-04-14,3269.74
2010-04-15,3272.36
2010-04-16,3219.67
2010-04-19,3234.16
2010-04-20,3260.36
2010-04-21,3257.1
2010-04-22,3264.59
2010-04-23,3287.77
2010-04-26,3273.63
2010-04-27,3197.03
2010-04-28,3217.81
2010-04-29,3259.32
2010-04-30,3205.21
2010-05-03,3348.51
2010-05-04,3268.81
2010-05-05,3247.24
2010-05-06,3142.03
2010-05-07,3093.96
2010-05-10,3230.09
2010-05-11,3219.11
2010-05-12,3263.21
2010-05-13,3223.73
2010-05-14,3163.12
2010-05-17,3166.6
2010-05-18,3121.63
2010-05-19,3105.71
2010-05-20,2984.59
2010-05-21,3029.36
2010-05-24,2990.28
2010-05-25,2991.48
2010-05-26,2974.42
2010-05-27,3072.28
2010-05-28,3034.19
2010-06-01,3080.28
2010-06-02,3159.75
2010-06-03,3172.71
2010-06-04,3063.56
2010-06-07,3022.21
2010-06-08,3055.45
2010-06-09,3037.42
2010-06-10,3127.03
2010-06-11,3140.79
2010-06-14,3135.13
2010-06-15,3208.81
2010-06-16,3206.88
2010-06-17,3211.05
2010-06-18,3215.23
2010-06-21,3202.69
2010-06-22,3151.12
2010-06-23,3141.67
2010-06-24,3088.89
2010-06-25,3097.85
2010-06-28,3091.65
2010-06-29,2995.81
2010-06-30,2965.55
2010-07-01,3055.74
2010-07-02,3041.38
2010-07-06,3057.81
2010-07-07,3153.51
2010-07-08,3183.16
2010-07-09,3206.08
2010-07-12,3208.32
2010-07-13,3257.73
2010-07-14,3257.08
2010-07-15,3260.99
2010-07-16,3167.07
2010-07-19,3186.07
2010-07-20,3222.39
2010-07-21,3181.15
2010-07-22,3252.72
2010-07-23,3279.39
2010-07-26,3316.12
2010-07-27,3312.81
2010-07-28,3289.95
2010-07-29,3276.13
2010-07-30,3276.46
2010-08-02,3450.74
2010-08-03,3434.18
2010-08-04,3455.13
2010-08-05,3450.63
2010-08-06,3437.87
2010-08-09,3456.78
2010-08-10,3436.03
2010-08-11,3339.14
2010-08-12,3321.11
2010-08-13,3307.82
2010-08-16,3308.15
2010-08-17,3348.51
2010-08-18,3353.54
2010-08-19,3296.86
2010-08-20,3284.66
2010-08-23,3271.52
2010-08-24,3224.09
2010-08-25,3234.73
2010-08-26,3209.82
2010-08-27,3263.1
2010-08-30,3215.13
2010-08-31,3216.42
2010-09-01,3414.25
2010-09-02,3445.32
2010-09-03,3490.8
2010-09-07,3450.66
2010-09-08,3472.74
2010-09-09,3489.41
2010-09-10,3506.51
2010-09-13,3545.43
2010-09-14,3542.95
2010-09-15,3555.35
2010-09-16,3553.93
2010-09-17,3556.77
2010-09-20,3610.83
2010-09-21,3601.45
2010-09-22,3584.16
2010-09-23,3554.41
2010-09-24,3629.76
2010-09-27,3609.07
2010-09-28,3626.76
2010-09-29,3617.33
2010-09-30,3606.12
2010-10-01,3722.42
2010-10-04,3692.64
2010-10-05,3769.82
2010-10-06,3767.18
2010-10-07,3761.15
2010-10-08,3784.1
2010-10-11,3784.47
2010-10-12,3798.86
2010-10-13,3825.83
2010-10-14,3812.05
2010-10-15,3819.68
2010-10-18,3847.18
2010-10-19,3786.01
2010-10-20,3825.76
2010-10-21,3832.65
2010-10-22,3841.85
2010-10-25,3849.92
2010-10-26,3849.92
2010-10-27,3839.52
2010-10-28,3843.74
2010-10-29,3842.21
2010-11-01,3945.76
2010-11-02,3976.53
2010-11-03,3991.25
2010-11-04,4068.28
2010-11-05,4084.14
2010-11-08,4075.57
2010-11-09,4042.55
2010-11-10,4060.34
2010-11-11,4043.29
2010-11-12,3995.58
2010-11-15,3990.78
2010-11-16,3926.13
2010-11-17,3926.92
2010-11-18,3987.39
2010-11-19,3997.36
2010-11-22,3990.96
2010-11-23,3933.89
2010-11-24,3992.51
2010-11-26,3962.56
2010-11-29,3957.02
2010-11-30,3932.88
2010-12-01,4119.99
2010-12-02,4172.72
2010-12-03,4183.57
2010-12-06,4178.14
2010-12-07,4180.22
2010-12-08,4195.69
2010-12-09,4211.63
2010-12-10,4236.9
2010-12-13,4236.9
2010-12-14,4240.72
2010-12-15,4219.09
2010-12-16,4245.25
2010-12-17,4248.64
2010-12-20,4259.27
2010-12-21,4284.82
2010-12-22,4299.39
2010-12-23,4292.51
2010-12-27,4295.09
2010-12-28,4298.52
2010-12-29,4302.82
2010-12-30,4296.37
2010-12-31,4295.51
2011-01-03,4445.18
2011-01-04,4439.4
2011-01-05,4461.6
2011-01-06,4452.23
2011-01-07,4444.21
2011-01-10,4437.99
2011-01-11,4454.41
2011-01-12,4494.5
2011-01-13,4486.86
2011-01-14,4520.06
2011-01-18,4526.39
2011-01-19,4480.67
2011-01-20,4474.85
2011-01-21,4485.59
2011-01-24,4511.61
2011-01-25,4512.96
2011-01-26,4531.91
2011-01-27,4541.88
2011-01-28,4460.58
2011-01-31,4494.93
2011-02-01,4671.67
2011-02-02,4659.05
2011-02-03,4670.23
2011-02-04,4683.78
2011-02-07,4712.82
2011-02-08,4732.61
2011-02-09,4719.36
2011-02-10,4722.66
2011-02-11,4748.64
2011-02-14,4760.03
2011-02-15,4744.8
2011-02-16,4774.69
2011-02-17,4789.5
2011-02-18,4798.6
2011-02-22,4700.22
2011-02-23,4671.55
2011-02-24,4666.88
2011-02-25,4716.35
2011-02-28,4742.76
2011-03-01,4766.73
2011-03-02,4774.36
2011-03-03,4856.48
2011-03-04,4820.54
2011-03-07,4780.53
2011-03-08,4823.08
2011-03-09,4816.32
2011-03-10,4725.29
2011-03-11,4758.84
2011-03-14,4730.29
2011-03-15,4677.31
2011-03-16,4586.1
2011-03-17,4647.56
2011-03-18,4667.54
2011-03-21,4737.56
2011-03-22,4720.5
2011-03-23,4734.19
2011-03-24,4778.22
2011-03-25,4793.51
2011-03-28,4780.57
2011-03-29,4814.51
2011-03-30,4846.76
2011-03-31,4838.04
2011-04-01,4962.73
2011-04-04,4964.22
2011-04-05,4963.23
2011-04-06,4974.15
2011-04-07,4966.68
2011-04-08,4946.82
2011-04-11,4932.97
2011-04-12,4894.49
2011-04-13,4895.47
2011-04-14,4895.96
2011-04-15,4915.05
2011-04-18,4860.99
2011-04-19,4888.69
2011-04-20,4954.69
2011-04-21,4980.95
2011-04-25,4972.98
2011-04-26,5017.74
2011-04-27,5048.85
2011-04-28,5067.02
2011-04-29,5078.68
2011-05-02,5169.36
2011-05-03,5151.78
2011-05-04,5116.23
2011-05-05,5069.68
2011-05-06,5088.94
2011-05-09,5111.84
2011-05-10,5153.25
2011-05-11,5096.05
2011-05-12,5121.02
2011-05-13,5079.54
2011-05-16,5048.04
2011-05-17,5046.02
2011-05-18,5090.43
2011-05-19,5101.63
2011-05-20,5062.35
2011-05-23,5002.1
2011-05-24,4998.1
2011-05-25,5014.1
2011-05-26,5034.15
2011-05-27,5054.79
2011-05-31,5108.37
2011-06-01,5089.62
2011-06-02,5083.51
2011-06-03,5034.2
2011-06-06,4979.84
2011-06-07,4974.86
2011-06-08,4953.96
2011-06-09,4990.62
2011-06-10,4920.75
2011-06-13,4924.2
2011-06-14,4986.24
2011-06-15,4899.48
2011-06-16,4908.3
2011-06-17,4923.02
2011-06-20,4949.61
2011-06-21,5015.93
2011-06-22,4983.33
2011-06-23,4969.38
2011-06-24,4911.23
2011-06-27,4956.42
2011-06-28,5020.36
2011-06-29,5062.03
2011-06-30,5113.15
2011-07-01,5288.22
2011-07-05,5281.35
2011-07-06,5286.63
2011-07-07,5342.14
2011-07-08,5304.74
2011-07-11,5208.73
2011-07-12,5185.81
2011-07-13,5201.88
2011-07-14,5167.03
2011-07-15,5195.97
2011-07-18,5153.88
2011-07-19,5237.89
2011-07-20,5234.22
2011-07-21,5304.88
2011-07-22,5309.66
2011-07-25,5279.92
2011-07-26,5258.28
2011-07-27,5151.53
2011-07-28,5135.05
2011-07-29,5101.67
2011-08-01,5180.34
2011-08-02,5047.73
2011-08-03,5072.97
2011-08-04,4830.48
2011-08-05,4827.58
2011-08-08,4506.06
2011-08-09,4719.65
2011-08-10,4511.04
2011-08-11,4719.9
2011-08-12,4744.92
2011-08-15,4848.36
2011-08-16,4801.33
2011-08-17,4805.65
2011-08-18,4591.32
2011-08-19,4522.45
2011-08-22,4523.8
2011-08-23,4678.97
2011-08-24,4740.27
2011-08-25,4666.32
2011-08-26,4736.78
2011-08-29,4870.83
2011-08-30,4882.03
2011-08-31,4905.95
2011-09-01,4946.38
2011-09-02,4821.24
2011-09-06,4785.56
2011-09-07,4922.43
2011-09-08,4870.25
2011-09-09,4740.22
2011-09-12,4773.4
2011-09-13,4816.84
2011-09-14,4881.86
2011-09-15,4965.83
2011-09-16,4994.14
2011-09-19,4945.19
2011-09-20,4936.79
2011-09-21,4791.65
2011-09-22,4638.79
2011-09-23,4667.09
2011-09-26,4775.83
2011-09-27,4826.93
2011-09-28,4727.02
2011-09-29,4765.3
2011-09-30,4646.17
2011-10-03,4610.91
2011-10-04,4714.65
2011-10-05,4799.04
2011-10-06,4886.87
2011-10-07,4846.79
2011-10-10,5012.07
2011-10-11,5014.58
2011-10-12,5063.72
2011-10-13,5048.53
2011-10-14,5136.37
2011-10-17,5036.73
2011-10-18,5139.47
2011-10-19,5074.72
2011-10-20,5098.06
2011-10-21,5193.9
2011-10-24,5260.91
2011-10-25,5155.69
2011-10-26,5209.82
2011-10-27,5388.52
2011-10-28,5390.68
2011-10-31,5257.53
2011-11-01,5208.05
2011-11-02,5291.9
2011-11-03,5391.39
2011-11-04,5357.42
2011-11-07,5391.17
2011-11-08,5454.25
2011-11-09,5254.08
2011-11-10,5299.26
2011-11-11,5402.6
2011-11-14,5350.74
2011-11-15,5376.42
2011-11-16,5287.17
2011-11-17,5198.35
2011-11-18,5196.27
2011-11-21,5099.62
2011-11-22,5078.71
2011-11-23,4966.47
2011-11-25,4953.06
2011-11-28,5097.69
2011-11-29,5108.9
2011-11-30,5330.12
2011-12-01,5419.8
2011-12-02,5418.72
2011-12-05,5474.53
2011-12-06,5480.55
2011-12-07,5491.51
2011-12-08,5375.64
2011-12-09,5466.49
2011-12-12,5385.04
2011-12-13,5338.19
2011-12-14,5277.87
2011-12-15,5294.76
2011-12-16,5311.7
2011-12-19,5249.55
2011-12-20,5405.99
2011-12-21,5416.26
2011-12-22,5461.22
2011-12-23,5510.37
2011-12-27,5510.92
2011-12-28,5442.03
2011-12-29,5500.26
2011-12-30,5476.61
2012-01-03,5663.05
2012-01-04,5664.18
2012-01-05,5680.61
2012-01-06,5666.41
2012-01-09,5679.44
2012-01-10,5729.99
2012-01-11,5731.7
2012-01-12,5744.89
2012-01-13,5716.74
2012-01-17,5737.32
2012-01-18,5801.0
2012-01-19,5829.43
2012-01-20,5833.51
2012-01-23,5836.42
2012-01-24,5830.59
2012-01-25,5881.31
2012-01-26,5847.2
2012-01-27,5837.85
2012-01-30,5823.25
2012-01-31,5820.34
2012-02-01,5973.03
2012-02-02,5979.6
2012-02-03,6066.9
2012-02-06,6064.48
2012-02-07,6076.61
2012-02-08,6089.97
2012-02-09,6099.11
2012-02-10,6057.03
2012-02-13,6098.21
2012-02-14,6092.73
2012-02-15,6059.82
2012-02-16,6126.48
2012-02-17,6140.57
2012-02-21,6144.87
2012-02-22,6124.59
2012-02-23,6150.93
2012-02-24,6161.39
2012-02-27,6170.01
2012-02-28,6190.99
2012-02-29,6161.89
2012-03-01,6300.72
2012-03-02,6280.55
2012-03-05,6256.06
2012-03-06,6159.72
2012-03-07,6202.22
2012-03-08,6263.0
2012-03-09,6285.55
2012-03-12,6286.8
2012-03-13,6400.6
2012-03-14,6392.91
2012-03-15,6431.27
2012-03-16,6438.35
2012-03-19,6464.1
2012-03-20,6444.71
2012-03-21,6432.46
2012-03-22,6386.15
2012-03-23,6405.95
2012-03-26,6494.99
2012-03-27,6476.8
2012-03-28,6445.07
2012-03-29,6434.75
2012-03-30,6458.56
2012-04-02,6607.75
2012-04-03,6581.32
2012-04-04,6514.19
2012-04-05,6510.28
2012-04-09,6436.07
2012-04-10,6326.01
2012-04-11,6372.82
2012-04-12,6460.77
2012-04-13,6380.01
2012-04-16,6376.82
2012-04-17,6475.66
2012-04-18,6449.11
2012-04-19,6411.06
2012-04-20,6418.75
2012-04-23,6364.83
2012-04-24,6388.38
2012-04-25,6475.27
2012-04-26,6518.65
2012-04-27,6534.29
2012-04-30,6508.81
2012-05-01,6646.48
2012-05-02,6629.86
2012-05-03,6578.81
2012-05-04,6472.9
2012-05-07,6475.48
2012-05-08,6447.64
2012-05-09,6404.44
2012-05-10,6420.45
2012-05-11,6398.62
2012-05-14,6327.6
2012-05-15,6291.53
2012-05-16,6263.85
2012-05-17,6169.26
2012-05-18,6123.61
2012-05-21,6221.59
2012-05-22,6224.7
2012-05-23,6235.28
2012-05-24,6244.01
2012-05-25,6230.27
2012-05-29,6299.43
2012-05-30,6209.35
2012-05-31,6195.07
2012-06-01,6140.21
2012-06-04,6140.82
2012-06-05,6175.83
2012-06-06,6317.87
2012-06-07,6317.24
2012-06-08,6368.41
2012-06-11,6288.17
2012-06-12,6361.74
2012-06-13,6317.2
2012-06-14,6385.43
2012-06-15,6451.2
2012-06-18,6460.23
2012-06-19,6523.54
2012-06-20,6512.45
2012-06-21,6367.22
2012-06-22,6413.07
2012-06-25,6310.46
2012-06-26,6340.75
2012-06-27,6397.82
2012-06-28,6384.38
2012-06-29,6543.35
2012-07-02,6659.96
2012-07-03,6701.25
2012-07-05,6669.76
2012-07-06,6607.06
2012-07-09,6596.49
2012-07-10,6543.06
2012-07-11,6543.06
2012-07-12,6510.34
2012-07-13,6617.76
2012-07-16,6602.54
2012-07-17,6651.4
2012-07-18,6695.97
2012-07-19,6714.04
2012-07-20,6646.23
2012-07-23,6587.08
2012-07-24,6527.8
2012-07-25,6525.84
2012-07-26,6633.52
2012-07-27,6760.22
2012-07-30,6756.84
2012-07-31,6727.78
2012-08-01,6807.98
2012-08-02,6756.92
2012-08-03,6885.3
2012-08-06,6901.14
2012-08-07,6936.33
2012-08-08,6940.5
2012-08-09,6943.27
2012-08-10,6958.55
2012-08-13,6949.5
2012-08-14,6948.81
2012-08-15,6956.45
2012-08-16,7005.84
2012-08-17,7019.15
2012-08-20,7019.15
2012-08-21,6994.58
2012-08-22,6995.98
2012-08-23,6939.32
2012-08-24,6984.42
2012-08-27,6980.93
2012-08-28,6975.34
2012-08-29,6980.93
2012-08-30,6926.47
2012-08-31,6961.8
2012-09-04,7053.32
2012-09-05,7045.57
2012-09-06,7189.3
2012-09-07,7218.05
2012-09-10,7174.02
2012-09-11,7196.26
2012-09-12,7211.37
2012-09-13,7328.92
2012-09-14,7358.24
2012-09-17,7335.42
2012-09-18,7325.89
2012-09-19,7334.68
2012-09-20,7331.01
2012-09-21,7330.28
2012-09-24,7314.15
2012-09-25,7237.35
2012-09-26,7196.1
2012-09-27,7265.18
2012-09-28,7232.49
2012-10-01,7352.29
2012-10-02,7358.91
2012-10-03,7385.4
2012-10-04,7438.57
2012-10-05,7436.34
2012-10-08,7410.31
2012-10-09,7336.95
2012-10-10,7291.46
2012-10-11,7292.92
2012-10-12,7271.04
2012-10-15,7329.94
2012-10-16,7405.44
2012-10-17,7435.8
2012-10-18,7417.95
2012-10-19,7294.81
2012-10-22,7297.73
2012-10-23,7192.64
2012-10-24,7170.35
2012-10-25,7191.86
2012-10-26,7186.82
2012-10-31,7188.26
2012-11-01,7367.7
2012-11-02,7298.45
2012-11-05,7314.5
2012-11-06,7372.29
2012-11-07,7197.57
2012-11-08,7109.75
2012-11-09,7121.84
2012-11-12,7122.55
2012-11-13,7094.06
2012-11-14,6995.46
2012-11-15,6984.26
2012-11-16,7017.79
2012-11-19,7157.44
2012-11-20,7162.45
2012-11-21,7178.93
2012-11-23,7272.25
2012-11-26,7257.71
2012-11-27,7219.97
2012-11-28,7277.0
2012-11-29,7308.3
2012-11-30,7309.76
2012-12-03,7374.93
2012-12-04,7362.39
2012-12-05,7374.17
2012-12-06,7398.51
2012-12-07,7419.96
2012-12-10,7422.19
2012-12-11,7470.43
2012-12-12,7473.42
2012-12-13,7426.34
2012-12-14,7395.89
2012-12-17,7483.9
2012-12-18,7569.97
2012-12-19,7512.44
2012-12-20,7553.75
2012-12-21,7482.75
2012-12-24,7464.79
2012-12-26,7428.96
2012-12-27,7420.05
2012-12-28,7338.42
2012-12-31,7462.44
2013-01-02,7754.53
2013-01-03,7738.25
2013-01-04,7776.16
2013-01-07,7752.06
2013-01-08,7727.25
2013-01-09,7748.11
2013-01-10,7807.0
2013-01-11,7807.0
2013-01-14,7799.97
2013-01-15,7808.55
2013-01-16,7810.12
2013-01-17,7853.85
2013-01-18,7880.55
2013-01-22,7915.23
2013-01-23,7927.1
2013-01-24,7927.1
2013-01-25,7969.91
2013-01-28,7955.56
2013-01-29,7996.14
2013-01-30,7964.95
2013-01-31,7944.24
2013-02-01,8125.49
2013-02-04,8032.05
2013-02-05,8115.58
2013-02-06,8119.64
2013-02-07,8105.02
2013-02-08,8151.22
2013-02-11,8146.33
2013-02-12,8159.36
2013-02-13,8164.26
2013-02-14,8169.97
2013-02-15,8161.8
2013-02-19,8221.39
2013-02-20,8119.44
2013-02-21,8068.29
2013-02-22,8139.29
2013-02-25,7990.34
2013-02-26,8039.08
2013-02-27,8141.18
2013-02-28,8133.85
2013-03-01,8252.79
2013-03-04,8290.75
2013-03-05,8370.34
2013-03-06,8379.55
2013-03-07,8394.63
2013-03-08,8432.41
2013-03-11,8459.39
2013-03-12,8439.09
2013-03-13,8450.06
2013-03-14,8497.38
2013-03-15,8483.78
2013-03-18,8437.12
2013-03-19,8416.87
2013-03-20,8473.27
2013-03-21,8402.94
2013-03-22,8463.44
2013-03-25,8435.51
2013-03-26,8501.31
2013-03-27,8496.21
2013-03-28,8531.04
2013-04-01,8592.2
2013-04-02,8636.88
2013-04-03,8546.19
2013-04-04,8580.38
2013-04-05,8543.48
2013-04-08,8597.31
2013-04-09,8627.4
2013-04-10,8732.65
2013-04-11,8764.09
2013-04-12,8739.55
2013-04-15,8538.54
2013-04-16,8660.64
2013-04-17,8536.8
2013-04-18,8479.6
2013-04-19,8554.22
2013-04-22,8594.42
2013-04-23,8683.81
2013-04-24,8683.81
2013-04-25,8718.54
2013-04-26,8702.85
2013-04-29,8765.51
2013-04-30,8787.42
2013-05-01,8804.77
2013-05-02,8887.53
2013-05-03,8980.85
2013-05-06,8997.92
2013-05-07,9044.71
2013-05-08,9081.79
2013-05-09,9048.19
2013-05-10,9087.09
2013-05-13,9087.09
2013-05-14,9178.87
2013-05-15,9225.69
2013-05-16,9179.56
2013-05-17,9274.11
2013-05-20,9267.61
2013-05-21,9283.37
2013-05-22,9206.32
2013-05-23,9179.62
2013-05-24,9174.11
2013-05-28,9231.91
2013-05-29,9167.29
2013-05-30,9201.2
2013-05-31,9069.63
2013-06-03,9223.73
2013-06-04,9173.0
2013-06-05,9046.41
2013-06-06,9123.3
2013-06-07,9240.08
2013-06-10,9237.31
2013-06-11,9143.09
2013-06-12,9066.29
2013-06-13,9200.47
2013-06-14,9146.19
2013-06-17,9215.7
2013-06-18,9287.58
2013-06-19,9158.48
2013-06-20,8929.52
2013-06-21,8953.63
2013-06-24,8845.29
2013-06-25,8929.32
2013-06-26,9015.04
2013-06-27,9070.94
2013-06-28,9031.93
2013-07-01,9181.24
2013-07-02,9176.65
2013-07-03,9183.99
2013-07-05,9277.67
2013-07-08,9326.84
2013-07-09,9394.0
2013-07-10,9395.87
2013-07-11,9523.66
2013-07-12,9553.18
2013-07-15,9566.56
2013-07-16,9531.16
2013-07-17,9557.85
2013-07-18,9605.64
2013-07-19,9621.01
2013-07-22,9640.25
2013-07-23,9621.93
2013-07-24,9585.37
2013-07-25,9610.29
2013-07-26,9617.98
2013-07-29,9582.39
2013-07-30,9586.22
2013-07-31,9585.27
2013-08-01,9806.33
2013-08-02,9822.02
2013-08-05,9807.29
2013-08-06,9751.39
2013-08-07,9714.33
2013-08-08,9752.22
2013-08-09,9717.11
2013-08-12,9705.45
2013-08-13,9732.62
2013-08-14,9682.01
2013-08-15,9543.56
2013-08-16,9512.07
2013-08-19,9455.95
2013-08-20,9491.88
2013-08-21,9436.83
2013-08-22,9517.98
2013-08-23,9555.1
2013-08-26,9516.88
2013-08-27,9365.56
2013-08-28,9390.85
2013-08-29,9409.63
2013-08-30,9379.52
2013-09-03,9519.34
2013-09-04,9596.44
2013-09-05,9607.96
2013-09-06,9608.92
2013-09-09,9705.01
2013-09-10,9775.86
2013-09-11,9806.16
2013-09-12,9772.82
2013-09-13,9799.21
2013-09-16,9855.06
2013-09-17,9896.45
2013-09-18,10017.19
2013-09-19,9999.16
2013-09-20,9927.17
2013-09-23,9880.51
2013-09-24,9854.82
2013-09-25,9828.21
2013-09-26,9862.61
2013-09-27,9822.17
2013-09-30,9763.24
2013-10-01,9942.14
2013-10-02,9935.19
2013-10-03,9845.77
2013-10-04,9915.67
2013-10-07,9831.39
2013-10-08,9710.46
2013-10-09,9716.29
2013-10-10,9928.11
2013-10-11,9990.65
2013-10-14,10031.61
2013-10-15,9960.39
2013-10-16,10097.84
2013-10-17,10165.5
2013-10-18,10231.57
2013-10-21,10232.6
2013-10-22,10290.92
2013-10-23,10242.56
2013-10-24,10276.36
2013-10-25,10321.57
2013-10-28,10334.99
2013-10-29,10392.87
2013-10-30,10341.94
2013-10-31,10302.64
2013-11-01,10432.81
2013-11-04,10470.37
2013-11-05,10441.05
2013-11-06,10485.95
2013-11-07,10347.53
2013-11-08,10486.19
2013-11-11,10493.53
2013-11-12,10468.35
2013-11-13,10553.14
2013-11-14,10603.79
2013-11-15,10648.33
2013-11-18,10608.93
2013-11-19,10587.71
2013-11-20,10549.6
2013-11-21,10635.05
2013-11-22,10688.23
2013-11-25,10674.33
2013-11-26,10675.4
2013-11-27,10702.09
2013-11-29,10693.52
2013-12-02,10764.38
2013-12-03,10729.94
2013-12-04,10715.99
2013-12-05,10669.91
2013-12-06,10789.41
2013-12-09,10808.83
2013-12-10,10774.24
2013-12-11,10652.5
2013-12-12,10612.02
2013-12-13,10610.95
2013-12-16,10677.8
2013-12-17,10644.7
2013-12-18,10821.4
2013-12-19,10814.91
2013-12-20,10866.82
2013-12-23,10924.42
2013-12-24,10956.1
2013-12-26,11007.59
2013-12-27,11004.29
2013-12-30,11002.09
2013-12-31,11046.1
2014-01-02,11046.9
2014-01-03,11043.58
2014-01-06,11015.97
2014-01-07,11083.17
2014-01-08,11080.95
2014-01-09,11084.28
2014-01-10,11109.77
2014-01-13,10969.79
2014-01-14,11088.26
2014-01-15,11145.92
2014-01-16,11131.43
2014-01-17,11088.02
2014-01-21,11119.07
2014-01-22,11125.74
2014-01-23,11026.72
2014-01-24,10796.26
2014-01-27,10743.36
2014-01-28,10808.89
2014-01-29,10698.64
2014-01-30,10819.54
2014-01-31,10749.21
2014-02-03,10601.85
2014-02-04,10682.42
2014-02-05,10661.06
2014-02-06,10793.25
2014-02-07,10936.8
2014-02-10,10954.3
2014-02-11,11075.9
2014-02-12,11072.57
2014-02-13,11136.79
2014-02-14,11190.25
2014-02-18,11203.68
2014-02-19,11130.86
2014-02-20,11197.64
2014-02-21,11176.37
2014-02-24,11245.66
2014-02-25,11231.04
2014-02-26,11231.04
2014-02-27,11286.07
2014-02-28,11317.67
2014-03-03,11333.18
2014-03-04,11506.58
2014-03-05,11505.43
2014-03-06,11524.99
2014-03-07,11530.75
2014-03-10,11524.98
2014-03-11,11466.21
2014-03-12,11469.65
2014-03-13,11335.45
2014-03-14,11303.71
2014-03-17,11412.23
2014-03-18,11494.4
2014-03-19,11424.28
2014-03-20,11492.83
2014-03-21,11459.5
2014-03-24,11403.35
2014-03-25,11453.52
2014-03-26,11373.35
2014-03-27,11351.74
2014-03-28,11403.95
2014-03-31,11494.05
2014-04-01,11675.2
2014-04-02,11709.06
2014-04-03,11696.18
2014-04-04,11549.98
2014-04-07,11425.24
2014-04-08,11468.66
2014-04-09,11593.66
2014-04-10,11351.36
2014-04-11,11243.52
2014-04-14,11335.72
2014-04-15,11412.8
2014-04-16,11532.63
2014-04-17,11548.78
2014-04-21,11592.66
2014-04-22,11640.19
2014-04-23,11614.59
2014-04-24,11634.33
2014-04-25,11540.09
2014-04-28,11577.02
2014-04-29,11632.59
2014-04-30,11667.49
2014-05-01,11766.31
2014-05-02,11751.02
2014-05-05,11773.34
2014-05-06,11667.38
2014-05-07,11732.72
2014-05-08,11716.29
2014-05-09,11733.87
2014-05-12,11847.69
2014-05-13,11852.43
2014-05-14,11796.72
2014-05-15,11685.83
2014-05-16,11729.07
2014-05-19,11773.64
2014-05-20,11697.11
2014-05-21,11791.86
2014-05-22,11820.16
2014-05-23,11869.8
2014-05-27,11941.02
2014-05-28,11927.88
2014-05-29,11992.3
2014-05-30,12013.88
2014-06-02,12122.36
2014-06-03,12117.51
2014-06-04,12140.54
2014-06-05,12219.45
2014-06-06,12275.66
2014-06-09,12286.71
2014-06-10,12284.25
2014-06-11,12241.25
2014-06-12,12154.34
2014-06-13,12192.02
2014-06-16,12201.77
2014-06-17,12228.62
2014-06-18,12322.78
2014-06-19,12338.8
2014-06-20,12359.77
2014-06-23,12358.54
2014-06-24,12279.44
2014-06-25,12339.61
2014-06-26,12324.8
2014-06-27,12348.22
2014-06-30,12343.28
2014-07-01,12526.65
2014-07-02,12535.42
2014-07-03,12604.37
2014-07-07,12555.21
2014-07-08,12467.32
2014-07-09,12524.67
2014-07-10,12473.32
2014-07-11,12492.03
2014-07-14,12551.99
2014-07-15,12528.14
2014-07-16,12580.76
2014-07-17,12432.31
2014-07-18,12560.36
2014-07-21,12531.47
2014-07-22,12594.13
2014-07-23,12616.8
2014-07-24,12623.11
2014-07-25,12562.52
2014-07-28,12566.29
2014-07-29,12509.74
2014-07-30,12510.99
2014-07-31,12260.77
2014-08-01,12324.92
2014-08-04,12413.66
2014-08-05,12293.25
2014-08-06,12293.25
2014-08-07,12224.41
2014-08-08,12364.99
2014-08-11,12399.61
2014-08-12,12379.77
2014-08-13,12462.72
2014-08-14,12516.3
2014-08-15,12515.05
2014-08-18,12621.43
2014-08-19,12684.54
2014-08-20,12716.25
2014-08-21,12753.13
2014-08-22,12727.62
2014-08-25,12788.71
2014-08-26,12802.78
2014-08-27,12802.78
2014-08-28,12781.02
2014-08-29,12823.19
2014-09-02,12916.73
2014-09-03,12906.4
2014-09-04,12887.04
2014-09-05,12951.47
2014-09-08,12911.32
2014-09-09,12827.4
2014-09-10,12873.58
2014-09-11,12885.17
2014-09-12,12807.85
2014-09-15,12798.89
2014-09-16,12894.88
2014-09-17,12911.64
2014-09-18,12974.91
2014-09-19,12968.42
2014-09-22,12864.68
2014-09-23,12790.06
2014-09-24,12889.82
2014-09-25,12681.01
2014-09-26,12790.07
2014-09-29,12758.09
2014-09-30,12722.37
2014-10-01,12653.11
2014-10-02,12653.11
2014-10-03,12794.83
2014-10-06,12774.36
2014-10-07,12581.46
2014-10-08,12801.64
2014-10-09,12536.64
2014-10-10,12392.47
2014-10-13,12188.0
2014-10-14,12207.5
2014-10-15,12108.62
2014-10-16,12109.83
2014-10-17,12266.04
2014-10-20,12377.67
2014-10-21,12620.27
2014-10-22,12528.14
2014-10-23,12682.24
2014-10-24,12772.28
2014-10-27,12753.12
2014-10-28,12904.88
2014-10-29,12886.82
2014-10-30,12966.72
2014-10-31,13118.43
2014-11-03,13217.1
2014-11-04,13180.1
2014-11-05,13255.22
2014-11-06,13305.59
2014-11-07,13309.58
2014-11-10,13350.84
2014-11-11,13360.19
2014-11-12,13350.84
2014-11-13,13357.51
2014-11-14,13360.18
2014-11-17,13369.54
2014-11-18,13437.72
2014-11-19,13417.56
2014-11-20,13444.4
2014-11-21,13514.31
2014-11-24,13553.5
2014-11-25,13537.24
2014-11-26,13575.14
2014-11-28,13541.2
2014-12-01,13548.44
2014-12-02,13635.15
2014-12-03,13686.97
2014-12-04,13670.54
2014-12-05,13693.78
2014-12-08,13593.82
2014-12-09,13591.1
2014-12-10,13368.21
2014-12-11,13428.36
2014-12-12,13210.82
2014-12-15,13127.59
2014-12-16,13016.01
2014-12-17,13281.54
2014-12-18,13600.29
2014-12-19,13662.86
2014-12-22,13714.77
2014-12-23,13738.09
2014-12-24,13736.72
2014-12-26,13782.05
2014-12-29,13794.45
2014-12-30,13726.86
2014-12-31,13585.47
2015-01-02,13681.37
2015-01-05,13431.0
2015-01-06,13311.46
2015-01-07,13465.87
2015-01-08,13706.91
2015-01-09,13591.77
2015-01-12,13481.68
2015-01-13,13446.63
2015-01-14,13368.64
2015-01-15,13245.65
2015-01-16,13423.14
2015-01-20,13443.27
2015-01-21,13506.46
2015-01-22,13713.11
2015-01-23,13637.68
2015-01-26,13673.14
2015-01-27,13489.92
2015-01-28,13307.81
2015-01-29,13434.23
2015-01-30,13259.59
2015-02-02,13533.26
2015-02-03,13728.14
2015-02-04,13670.48
2015-02-05,13811.29
2015-02-06,13764.33
2015-02-09,13706.52
2015-02-10,13853.18
2015-02-11,13853.18
2015-02-12,13986.17
2015-02-13,14043.51
2015-02-17,14065.98
2015-02-18,14061.76
2015-02-19,14046.29
2015-02-20,14131.98
2015-02-23,14127.74
2015-02-24,14167.3
2015-02-25,14155.96
2015-02-26,14134.73
2015-02-27,14092.32
2015-03-02,14278.9
2015-03-03,14214.64
2015-03-04,14152.1
2015-03-05,14169.08
2015-03-06,13967.88
2015-03-09,14022.35
2015-03-10,13783.97
2015-03-11,13757.78
2015-03-12,13931.13
2015-03-13,13846.15
2015-03-16,14033.07
2015-03-17,13986.77
2015-03-18,14157.4
2015-03-19,14088.03
2015-03-20,14214.83
2015-03-23,14190.66
2015-03-24,14104.1
2015-03-25,13898.18
2015-03-26,13864.82
2015-03-27,13898.1
2015-03-30,14067.65
2015-03-31,13943.86
2015-04-01,13987.68
2015-04-02,14036.64
2015-04-06,14129.28
2015-04-07,14099.61
2015-04-08,14137.68
2015-04-09,14201.3
2015-04-10,14275.15
2015-04-13,14209.48
2015-04-14,14232.22
2015-04-15,14304.8
2015-04-16,14293.36
2015-04-17,14131.84
2015-04-20,14261.85
2015-04-21,14240.46
2015-04-22,14313.09
2015-04-23,14347.44
2015-04-24,14380.44
2015-04-27,14321.48
2015-04-28,14361.58
2015-04-29,14308.44
2015-04-30,14163.92
2015-05-01,14419.4
2015-05-04,14461.22
2015-05-05,14290.58
2015-05-06,14226.27
2015-05-07,14280.33
2015-05-08,14473.11
2015-05-11,14399.3
2015-05-12,14357.54
2015-05-13,14353.23
2015-05-14,14508.25
2015-05-15,14519.86
2015-05-18,14563.42
2015-05-19,14554.68
2015-05-20,14541.58
2015-05-21,14575.02
2015-05-22,14542.96
2015-05-26,14393.17
2015-05-27,14525.58
2015-05-28,14506.7
2015-05-29,14415.31
2015-06-01,14545.79
2015-06-02,14531.24
2015-06-03,14561.76
2015-06-04,14436.53
2015-06-05,14416.32
2015-06-08,14322.61
2015-06-09,14328.34
2015-06-10,14500.28
2015-06-11,14524.93
2015-06-12,14423.26
2015-06-15,14356.91
2015-06-16,14438.74
2015-06-17,14467.62
2015-06-18,14610.85
2015-06-19,14533.41
2015-06-22,14622.07
2015-06-23,14630.84
2015-06-24,14522.57
2015-06-25,14479.0
2015-06-26,14473.21
2015-06-29,14170.72
2015-06-30,14208.98
2015-07-01,14407.72
2015-07-02,14403.39
2015-07-06,14347.22
2015-07-07,14434.74
2015-07-08,14193.68
2015-07-09,14226.32
2015-07-10,14401.31
2015-07-13,14561.16
2015-07-14,14626.69
2015-07-15,14616.45
2015-07-16,14733.38
2015-07-17,14749.59
2015-07-20,14761.39
2015-07-21,14697.91
2015-07-22,14662.64
2015-07-23,14579.06
2015-07-24,14423.06
2015-07-27,14339.41
2015-07-28,14517.22
2015-07-29,14623.19
2015-07-30,14623.19
2015-07-31,14589.56
2015-08-03,14648.43
2015-08-04,14616.2
2015-08-05,14661.51
2015-08-06,14547.15
2015-08-07,14504.97
2015-08-10,14690.63
2015-08-11,14549.6
2015-08-12,14564.15
2015-08-13,14545.22
2015-08-14,14601.94
2015-08-17,14677.87
2015-08-18,14639.71
2015-08-19,14518.2
2015-08-20,14211.87
2015-08-21,13758.51
2015-08-24,13216.42
2015-08-25,13038.0
2015-08-26,13546.48
2015-08-27,13875.66
2015-08-28,13883.99
2015-08-31,13767.36
2015-09-01,13456.89
2015-09-02,13703.15
2015-09-03,13719.59
2015-09-04,13509.69
2015-09-08,13848.78
2015-09-09,13656.28
2015-09-10,13728.66
2015-09-11,13790.44
2015-09-14,13733.9
2015-09-15,13909.69
2015-09-16,14030.7
2015-09-17,13994.22
2015-09-18,13767.52
2015-09-21,13830.85
2015-09-22,13660.73
2015-09-23,13633.41
2015-09-24,13587.05
2015-09-25,13580.26
2015-09-28,13231.25
2015-09-29,13247.13
2015-09-30,13500.15
2015-10-01,13627.35
2015-10-02,13822.22
2015-10-05,14075.16
2015-10-06,14024.49
2015-10-07,14136.69
2015-10-08,14261.09
2015-10-09,14271.07
2015-10-12,14289.63
2015-10-13,14192.46
2015-10-14,14125.75
2015-10-15,14336.23
2015-10-16,14402.17
2015-10-19,14406.49
2015-10-20,14386.33
2015-10-21,14302.88
2015-10-22,14540.31
2015-10-23,14700.26
2015-10-26,14672.33
2015-10-27,14634.18
2015-10-28,14806.86
2015-10-29,14800.94
2015-10-30,14729.89
2015-11-02,15006.37
2015-11-03,15046.89
2015-11-04,14994.22
2015-11-05,14977.73
2015-11-06,14973.24
2015-11-09,14826.5
2015-11-10,14848.74
2015-11-11,14801.22
2015-11-12,14594.0
2015-11-13,14430.55
2015-11-16,14645.57
2015-11-17,14626.53
2015-11-18,14863.48
2015-11-19,14847.13
2015-11-20,14903.55
2015-11-23,14885.66
2015-11-24,14903.52
2015-11-25,14902.03
2015-11-27,14910.98
2015-11-30,14842.39
2015-12-01,15102.27
2015-12-02,14936.14
2015-12-03,14721.06
2015-12-04,15022.85
2015-12-07,14917.69
2015-12-08,14820.72
2015-12-09,14706.6
2015-12-10,14740.43
2015-12-11,14454.46
2015-12-14,14523.84
2015-12-15,14677.8
2015-12-16,14890.62
2015-12-17,14667.26
2015-12-18,14406.19
2015-12-21,14518.56
2015-12-22,14646.32
2015-12-23,14827.93
2015-12-24,14804.21
2015-12-28,14771.64
2015-12-29,14928.22
2015-12-30,14820.74
2015-12-31,14681.42
2016-01-04,14555.26
2016-01-05,14584.38
2016-01-06,14393.32
2016-01-07,14052.2
2016-01-08,13900.43
2016-01-11,13912.94
2016-01-12,14021.47
2016-01-13,13670.93
2016-01-14,13899.23
2016-01-15,13599.01
2016-01-19,13605.81
2016-01-20,13446.62
2016-01-21,13516.54
2016-01-22,13790.93
2016-01-25,13575.79
2016-01-26,13767.21
2016-01-27,13617.15
2016-01-28,13692.04
2016-01-29,14031.6
2016-02-01,14125.95
2016-02-02,13861.8
2016-02-03,13931.11
2016-02-04,13952.0
2016-02-05,13693.89
2016-02-08,13499.44
2016-02-09,13489.99
2016-02-10,13487.29
2016-02-11,13321.4
2016-02-12,13581.16
2016-02-16,13805.25
2016-02-17,14033.04
2016-02-18,13967.08
2016-02-19,13967.08
2016-02-22,14169.61
2016-02-23,13992.49
2016-02-24,14054.05
2016-02-25,14212.86
2016-02-26,14185.86
2016-02-29,14070.95
2016-03-01,14509.64
2016-03-02,14569.13
2016-03-03,14620.12
2016-03-04,14668.37
2016-03-07,14681.57
2016-03-08,14517.14
2016-03-09,14591.17
2016-03-10,14594.09
2016-03-11,14833.43
2016-03-14,14814.15
2016-03-15,14787.49
2016-03-16,14870.3
2016-03-17,14968.44
2016-03-18,15034.3
2016-03-21,15049.33
2016-03-22,15035.79
2016-03-23,14939.56
2016-03-24,14933.59
2016-03-28,14941.05
2016-03-29,15072.53
2016-03-30,15138.85
2016-03-31,15108.57
