date,A,B,C
2001-01-01,10000.0,10000.0,10000.0
2001-01-02,9091.0,8181.0,7272.0
2001-01-03,10797.38,11252.15,11366.86
2001-01-04,10505.85,10643.41,10445.01
2001-01-05,9685.34,8980.91,7996.7
2001-01-08,9743.46,9089.58,8141.44
2001-01-09,9871.1,9327.72,8461.4
2001-01-10,10308.39,10153.23,9585.07
2001-01-11,10780.51,11083.26,10902.06
2001-01-12,10702.89,10922.55,10665.49
2001-01-16,10551.98,10614.54,10214.34
2001-01-17,10927.63,11370.29,11305.23
2001-01-18,11405.17,12364.06,12787.34
2001-01-19,11342.44,12226.82,12575.07
2001-01-22,11289.13,12110.66,12396.51
2001-01-23,11660.54,12907.54,13620.04
2001-01-24,11645.38,12873.98,13565.56
2001-01-25,11087.57,11640.65,11616.19
2001-01-26,11240.58,11963.1,12098.26
2001-01-29,11508.1,12533.74,12963.29
2001-01-30,11472.43,12456.03,12842.73
2001-01-31,11074.33,11592.83,11507.09
2001-02-01,11637.99,12224.64,12204.0
2001-02-02,11035.15,10959.39,10308.72
2001-02-05,11013.08,10916.65,10247.9
2001-02-06,11039.51,10969.05,10321.68
2001-02-07,10755.79,10405.24,9525.88
2001-02-08,10514.86,9939.08,8885.74
2001-02-09,10095.32,9146.94,7823.01
2001-02-12,10207.38,9350.0,8083.51
2001-02-13,9857.26,8708.59,7251.72
2001-02-14,10291.97,9476.69,8211.12
2001-02-15,10583.23,10013.07,8908.25
2001-02-16,9875.21,8674.32,7121.25
2001-02-20,9350.84,7753.98,5987.55
2001-02-21,9187.2,7483.36,5673.8
2001-02-22,9070.52,7293.29,5457.63
2001-02-23,9175.74,7463.22,5648.1
2001-02-26,9361.09,7764.73,5990.94
2001-02-27,8766.66,6779.39,4850.27
2001-02-28,8515.93,6391.61,4434.11
2001-03-01,9298.13,7323.02,5397.43
2001-03-02,8889.02,6677.86,4684.43
2001-03-05,9056.13,6928.95,4948.63
2001-03-06,9337.77,7359.93,5410.34
2001-03-07,9432.09,7508.6,5573.73
2001-03-08,9157.61,7071.6,5087.14
2001-03-09,8566.03,6158.66,4101.76
2001-03-12,7940.71,5259.49,3203.48
2001-03-13,8456.06,5942.18,3827.19
2001-03-14,8245.51,5645.66,3540.92
2001-03-15,8022.88,5340.8,3253.75
2001-03-16,7784.6,5023.55,2963.84
2001-03-19,8176.16,5529.42,3411.38
2001-03-20,7628.36,4787.93,2725.35
2001-03-21,7584.12,4731.91,2677.66
2001-03-22,8041.44,5303.05,3162.31
2001-03-23,8055.91,5322.67,3179.71
2001-03-26,7922.99,5147.02,3022.31
2001-03-27,8201.09,5507.83,3340.26
2001-03-28,7570.42,4660.73,2569.66
2001-03-29,7385.71,4433.28,2381.56
2001-03-30,7433.71,4490.47,2427.76
2001-04-02,7648.1,4631.16,2611.27
2001-04-03,7055.37,3913.33,2004.15
2001-04-04,6912.85,3754.84,1882.5
2001-04-05,7660.82,4567.39,2493.56
2001-04-06,7303.06,4141.25,2144.46
2001-04-09,7469.57,4330.5,2291.36
2001-04-10,8058.18,5012.56,2832.8
2001-04-11,8307.98,5322.84,3095.97
2001-04-12,8645.28,5755.58,3473.37
2001-04-16,8321.95,5325.07,3084.01
2001-04-17,8429.3,5462.45,3203.36
2001-04-18,9232.61,6503.6,4119.2
2001-04-19,9850.28,7373.78,4945.92
2001-04-20,9750.79,7224.83,4796.06
2001-04-23,9137.46,6315.22,3890.56
2001-04-24,8887.1,5969.15,3570.37
2001-04-25,9150.16,6322.52,3887.06
2001-04-26,8893.04,5967.19,3559.38
2001-04-27,9130.48,6286.44,3844.84
2001-04-30,9356.0,6596.99,4129.36
2001-05-01,10195.05,7585.26,5107.58
2001-05-02,10425.46,7928.12,5454.38
2001-05-03,9976.12,7244.71,4748.58
2001-05-04,10220.54,7599.7,5097.6
2001-05-07,10069.27,7375.51,4871.78
2001-05-08,10248.5,7638.82,5132.42
2001-05-09,9970.77,7224.03,4714.64
2001-05-10,9766.37,6927.12,4424.22
2001-05-11,9675.54,6798.28,4300.78
2001-05-14,9536.21,6603.17,4115.42
2001-05-15,9545.75,6615.71,4127.36
2001-05-16,10090.81,7371.89,4834.78
2001-05-17,10227.04,7570.93,5030.59
2001-05-18,10240.33,7590.61,5050.71
2001-05-21,10903.91,8574.36,6032.07
2001-05-22,10852.66,8493.76,5947.02
2001-05-23,10399.02,7783.68,5201.26
2001-05-24,10642.36,8147.96,5566.39
2001-05-25,10415.67,7800.85,5211.25
2001-05-29,9952.18,7106.58,4516.07
2001-05-30,9449.59,6389.52,3832.34
2001-05-31,9560.15,6539.68,3967.24
2001-06-01,10288.52,7359.98,4771.9
2001-06-04,10277.2,7343.79,4756.63
2001-06-05,10753.03,8023.09,5416.85
2001-06-06,10641.2,7855.41,5247.31
2001-06-07,10973.21,8346.37,5738.98
2001-06-08,10597.92,7776.32,5150.73
2001-06-11,10320.26,7368.84,4745.37
2001-06-12,10351.22,7413.05,4788.08
2001-06-13,10005.49,6917.86,4308.79
2001-06-14,9565.25,6308.39,3739.6
2001-06-15,9509.77,6235.85,3674.91
2001-06-18,9313.87,5978.93,3447.8
2001-06-19,9366.02,6046.49,3506.06
2001-06-20,9620.78,6376.03,3792.51
2001-06-21,9786.26,6596.0,3988.58
2001-06-22,9653.16,6417.25,3826.25
2001-06-25,9744.87,6539.18,3935.3
2001-06-26,9787.75,6597.37,3987.63
2001-06-27,9812.22,6630.36,4017.54
2001-06-28,10107.56,7030.17,4380.73
2001-06-29,10225.82,7195.38,4534.93
2001-07-02,10707.59,7669.22,5009.25
2001-07-03,10678.68,7627.8,4968.68
2001-07-05,10261.14,7032.07,4386.35
2001-07-06,9777.84,6370.35,3767.0
2001-07-09,9945.04,6587.58,3959.87
2001-07-10,9522.38,6027.64,3454.98
2001-07-11,9619.51,6150.6,3561.05
2001-07-12,10255.36,6964.33,4267.56
2001-07-13,10261.51,6971.99,4274.82
2001-07-16,9878.76,6451.18,3796.04
2001-07-17,10135.6,6786.64,4092.13
2001-07-18,9768.69,6294.61,3647.31
2001-07-19,9938.67,6513.66,3837.7
2001-07-20,9824.38,6364.5,3705.69
2001-07-23,9551.26,6011.27,3397.0
2001-07-24,9404.17,5826.12,3240.4
2001-07-25,9538.65,5993.33,3379.74
2001-07-26,9805.73,6328.36,3663.3
2001-07-27,9863.58,6402.4,3727.77
2001-07-30,9786.65,6302.52,3640.54
2001-07-31,9865.92,6405.26,3729.37
2001-08-01,10648.91,7281.59,4575.34
2001-08-02,10784.15,7465.82,4749.2
2001-08-03,10626.7,7247.81,4541.18
2001-08-06,10484.3,7054.3,4359.08
2001-08-07,10444.46,7000.69,4309.39
2001-08-08,10012.06,6421.73,3774.59
2001-08-09,10029.08,6442.92,3793.47
2001-08-10,9958.88,6352.07,3713.42
2001-08-13,10178.97,6633.47,3960.0
2001-08-14,10035.45,6446.41,3792.49
2001-08-15,9679.19,5988.07,3388.21
2001-08-16,9740.17,6064.12,3452.58
2001-08-17,9337.9,5562.61,3024.46
2001-08-20,9457.42,5705.02,3140.6
2001-08-21,9116.96,5294.83,2801.73
2001-08-22,9330.29,5542.62,2998.41
2001-08-23,9216.46,5407.94,2888.97
2001-08-24,9725.21,6004.98,3367.39
2001-08-27,9717.43,5995.37,3359.3
2001-08-28,9396.76,5600.27,3027.07
2001-08-29,9233.25,5405.38,2869.06
2001-08-30,8950.72,5074.57,2605.96
2001-08-31,9048.28,5184.69,2690.92
2001-09-04,9252.28,5332.24,2894.16
2001-09-05,9194.92,5266.12,2840.33
2001-09-06,8846.43,4866.95,2517.67
2001-09-07,8798.66,4813.9,2476.63
2001-09-10,8870.81,4892.85,2537.56
2001-09-17,8138.97,4085.04,1909.26
2001-09-18,7956.65,3902.03,1780.96
2001-09-19,7850.04,3797.45,1709.36
2001-09-20,7577.64,3533.53,1531.25
2001-09-21,7322.27,3295.37,1376.44
2001-09-24,7738.91,3670.05,1611.26
2001-09-25,7718.01,3649.87,1598.04
2001-09-26,7616.14,3553.51,1534.76
2001-09-27,7434.87,3384.72,1425.33
2001-09-28,7591.75,3527.22,1515.41
2001-10-01,7972.8,3909.22,1926.74
2001-10-02,8029.41,3964.34,1967.58
2001-10-03,8653.29,4580.0,2426.03
2001-10-04,8731.17,4662.44,2491.53
2001-10-05,8808.01,4744.5,2557.06
2001-10-08,8862.62,4803.33,2604.62
2001-10-09,8619.78,4540.11,2390.52
2001-10-10,9036.12,4978.69,2736.91
2001-10-11,9626.17,5628.9,3273.07
2001-10-12,9654.09,5660.99,3301.22
2001-10-15,9550.79,5539.84,3195.25
2001-10-16,9730.35,5748.14,3375.14
2001-10-17,9106.63,5011.8,2726.44
2001-10-18,9214.09,5130.08,2822.95
2001-10-19,9333.87,5262.95,2932.77
2001-10-22,9579.35,5540.31,3164.46
2001-10-23,9586.06,5548.06,3171.1
2001-10-24,9867.89,5873.74,3450.47
2001-10-25,10244.84,6321.9,3845.55
2001-10-26,10077.85,6115.18,3657.12
2001-10-29,9521.55,5440.06,3051.5
2001-10-30,9297.8,5184.38,2836.37
2001-10-31,9454.0,5358.57,2979.04
2001-11-01,10387.0,6368.27,3933.06
2001-11-02,10398.42,6382.92,3946.43
2001-11-05,10795.64,6870.57,4398.29
2001-11-06,11108.72,7268.38,4780.51
2001-11-07,11119.83,7283.64,4795.33
2001-11-08,11017.52,7148.89,4662.5
2001-11-09,11049.48,7190.36,4703.06
2001-11-12,11150.03,7321.22,4831.45
2001-11-13,11529.13,7819.06,5324.74
2001-11-14,11566.02,7869.89,5376.39
2001-11-15,11541.73,7836.83,5342.52
2001-11-16,11538.27,7832.13,5338.25
2001-11-19,11796.73,8183.01,5696.98
2001-11-20,11301.26,7496.46,4979.73
2001-11-21,11318.21,7518.95,5002.14
2001-11-23,11503.83,7765.57,5248.24
2001-11-26,11810.99,8181.02,5669.15
2001-11-27,11740.12,8082.03,5566.54
2001-11-28,11355.04,7551.85,5018.24
2001-11-29,11662.77,7961.92,5426.72
2001-11-30,11639.44,7929.27,5393.62
2001-12-03,11922.14,8128.35,5577.72
2001-12-04,12430.03,8820.07,6289.99
2001-12-05,13088.82,9755.0,7290.1
2001-12-06,13066.57,9721.83,7252.92
2001-12-07,12730.76,9223.1,6694.45
2001-12-10,12513.06,8908.59,6351.69
2001-12-11,12634.44,9080.53,6535.89
2001-12-12,12700.14,9174.97,6638.51
2001-12-13,12183.24,8427.21,5827.28
2001-12-14,12211.26,8466.82,5868.07
2001-12-17,12475.03,8832.58,6248.32
2001-12-18,12607.26,9018.95,6446.39
2001-12-19,12386.63,8703.29,6107.96
2001-12-20,11844.1,7940.88,5305.37
2001-12-21,12002.81,8154.49,5519.18
2001-12-24,11995.61,8144.7,5509.24
2001-12-26,12098.77,8284.79,5650.83
2001-12-27,12217.34,8448.0,5817.53
2001-12-28,12328.52,8601.76,5976.93
2001-12-31,11993.18,8133.82,5489.21
2002-01-02,12756.79,8999.03,6368.93
2002-01-03,13202.0,9628.06,7036.39
2002-01-04,13268.01,9724.34,7142.64
2002-01-07,13068.99,9431.64,6820.51
2002-01-08,13202.29,9623.1,7028.54
2002-01-09,13100.64,9474.91,6866.18
2002-01-10,13124.22,9508.07,6902.57
2002-01-11,12945.73,9249.45,6620.94
2002-01-14,12704.94,8905.37,6251.49
2002-01-15,12773.54,9001.55,6353.39
2002-01-16,12349.46,8404.75,5721.23
2002-01-17,12692.78,8872.05,6198.38
2002-01-18,12263.76,8273.19,5570.49
2002-01-22,11895.85,7776.8,5069.14
2002-01-23,12271.76,8268.29,5549.19
2002-01-24,12398.16,8438.62,5720.11
2002-01-25,12343.6,8364.36,5644.6
2002-01-28,12395.45,8435.45,5716.29
2002-01-30,12189.68,8156.24,5432.19
2002-01-31,12278.67,8275.32,5551.15
2002-02-01,12597.21,8526.1,5793.37
2002-02-04,12192.84,7979.58,5236.05
2002-02-05,12058.72,7803.23,5062.74
2002-02-06,11918.84,7622.98,4887.06
2002-02-07,11654.24,7284.52,4561.58
2002-02-08,11970.07,7679.34,4932.44
2002-02-11,12179.55,7948.88,5191.88
2002-02-12,12073.58,7810.57,5056.38
2002-02-13,12254.69,8044.89,5283.91
2002-02-14,12155.42,7914.56,5155.51
2002-02-15,11841.81,7506.96,4756.99
2002-02-19,11434.46,6990.48,4266.07
2002-02-20,11607.12,7202.29,4459.75
2002-02-21,11112.65,6588.66,3889.79
2002-02-22,11178.22,6665.74,3958.26
2002-02-25,11605.23,7175.01,4412.27
2002-02-26,11549.52,7105.41,4348.29
2002-02-27,11362.42,6875.19,4136.96
2002-02-28,11203.34,6683.38,3963.62
2002-03-01,12359.9,7988.63,5214.41
2002-03-04,12870.37,8648.49,5860.47
2002-03-05,12906.4,8697.79,5910.28
2002-03-06,13087.09,8941.33,6158.52
2002-03-07,12974.54,8786.64,5999.01
2002-03-08,13391.03,9349.87,6576.11
2002-03-11,13380.31,9333.97,6559.67
2002-03-12,13093.97,8934.48,6138.54
2002-03-13,12799.36,8531.53,5723.58
2002-03-14,12721.28,8427.45,5618.84
2002-03-15,12877.76,8635.61,5826.73
2002-03-18,12967.9,8756.51,5949.09
2002-03-19,12957.53,8742.5,5934.82
2002-03-20,12494.94,8119.16,5299.79
2002-03-21,12822.31,8543.79,5715.83
2002-03-22,12659.47,8327.63,5498.62
2002-03-25,12293.61,7846.29,5021.89
2002-03-26,12396.87,7977.33,5147.94
2002-03-27,12370.84,7943.82,5115.51
2002-03-28,12510.63,8124.15,5289.44
2002-04-01,13240.92,8929.44,6096.28
2002-04-02,12630.51,8107.04,5253.77
2002-04-03,12485.26,7920.58,5072.52
2002-04-04,12510.23,7952.26,5102.45
2002-04-05,12328.83,7721.64,4880.49
2002-04-08,12474.31,7903.87,5053.26
2002-04-09,12047.69,7363.25,4534.79
2002-04-10,12209.13,7559.85,4716.64
2002-04-11,11863.61,7131.21,4315.72
2002-04-12,12106.82,7424.3,4581.57
2002-04-15,12135.87,7459.93,4614.56
2002-04-16,12662.57,8107.46,5215.84
2002-04-17,12571.4,7989.9,5102.65
2002-04-18,12501.0,7901.21,5017.44
2002-04-19,12403.49,7777.95,4900.03
2002-04-22,12088.44,7382.83,4526.65
2002-04-23,11846.68,7087.52,4254.6
2002-04-24,11663.05,6867.81,4056.76
2002-04-25,11663.05,6867.81,4056.76
2002-04-26,11202.36,6325.25,3576.03
2002-04-29,11165.39,6283.5,3540.63
2002-04-30,11436.71,6588.88,3799.1
2002-05-01,11847.19,6981.84,4201.94
2002-05-02,11453.86,6518.24,3783.42
2002-05-03,11129.72,6149.96,3462.59
2002-05-06,10853.7,5844.31,3204.63
2002-05-07,10836.33,5825.02,3188.92
2002-05-08,11987.15,7062.84,4205.23
2002-05-09,11593.97,6600.23,3791.86
2002-05-10,11111.66,6051.09,3318.26
2002-05-13,11605.02,6588.42,3759.92
2002-05-14,12203.84,7267.69,4341.58
2002-05-15,12255.1,7328.74,4396.28
2002-05-16,12300.44,7382.24,4444.64
2002-05-17,12393.92,7493.71,4545.53
2002-05-20,12080.36,7113.78,4200.07
2002-05-21,11740.9,6713.98,3846.01
2002-05-22,11820.74,6805.97,3924.85
2002-05-23,12028.78,7045.54,4132.08
2002-05-24,11713.63,6676.35,3806.89
2002-05-28,11636.32,6588.89,3731.89
2002-05-29,11391.96,6312.16,3496.78
2002-05-30,11478.54,6407.47,3576.16
2002-05-31,11296.03,6203.71,3405.57
2002-06-03,11315.93,6158.03,3428.31
2002-06-04,11508.3,6366.79,3602.81
2002-06-05,11672.87,6548.24,3757.02
2002-06-06,11301.67,6132.43,3398.97
2002-06-07,11132.15,5948.45,3246.02
2002-06-10,11086.5,5900.27,3206.42
2002-06-11,10748.37,5540.36,2913.03
2002-06-12,10966.56,5765.29,3090.72
2002-06-13,10802.06,5592.91,2951.95
2002-06-14,10832.3,5623.67,2976.45
2002-06-17,11225.52,6032.51,3300.89
2002-06-18,11112.14,5910.66,3200.87
2002-06-19,10714.33,5487.45,2857.1
2002-06-20,10371.47,5136.81,2583.1
2002-06-21,10110.11,4877.4,2387.56
2002-06-24,10325.45,5085.17,2540.12
2002-06-25,9984.71,4749.04,2288.4
2002-06-26,10028.64,4790.84,2318.38
2002-06-27,10257.3,5009.3,2476.95
2002-06-28,10264.48,5016.81,2482.4
2002-07-01,10219.79,4957.96,2529.38
2002-07-02,9866.19,4615.36,2267.08
2002-07-03,10193.75,4922.29,2493.11
2002-07-05,10861.44,5567.1,2983.0
2002-07-08,10384.62,5078.31,2590.14
2002-07-09,10137.47,4837.09,2405.46
2002-07-10,9818.14,4532.36,2178.15
2002-07-11,10216.75,4900.84,2443.66
2002-07-12,10245.36,4928.28,2464.19
2002-07-15,10452.32,5127.38,2613.52
2002-07-16,10353.02,5029.96,2538.77
2002-07-17,10531.09,5203.5,2670.03
2002-07-18,10181.46,4857.99,2404.36
2002-07-19,9883.14,4573.31,2192.78
2002-07-22,9613.33,4323.6,2013.19
2002-07-23,9178.81,3933.18,1740.4
2002-07-24,9740.55,4414.6,2059.94
2002-07-25,9156.12,3884.41,1688.94
2002-07-26,9324.59,4027.36,1782.17
2002-07-29,9930.69,4550.91,2129.7
2002-07-30,10034.96,4646.94,2197.0
2002-07-31,9848.31,4474.07,2074.4
2002-08-01,9826.76,4472.19,2184.9
2002-08-02,9599.76,4266.02,2033.7
2002-08-05,9218.65,3927.3,1791.49
2002-08-06,9700.78,4338.09,2072.57
2002-08-07,9885.1,4503.37,2190.92
2002-08-08,10187.58,4779.43,2392.26
2002-08-09,10080.61,4679.54,2317.14
2002-08-12,10098.76,4695.92,2329.42
2002-08-13,9761.46,4382.23,2096.02
2002-08-14,10420.36,4973.4,2520.25
2002-08-15,10550.61,5098.23,2615.01
2002-08-16,10713.09,5254.74,2735.56
2002-08-19,11034.49,5570.03,2981.76
2002-08-20,10841.38,5375.08,2825.52
2002-08-21,11136.27,5668.02,3056.37
2002-08-22,11282.15,5816.52,3176.48
2002-08-23,10868.1,5389.01,2826.43
2002-08-26,10935.48,5456.37,2879.29
2002-08-27,10480.56,5002.4,2519.66
2002-08-28,10161.95,4698.25,2289.87
2002-08-29,10343.85,4866.45,2412.84
2002-08-30,10135.94,4670.33,2267.1
2002-09-03,10153.07,4701.38,2390.5
2002-09-04,10393.7,4924.23,2560.7
2002-09-05,9964.44,4517.0,2243.17
2002-09-06,10407.86,4919.01,2542.64
2002-09-09,10521.3,5025.75,2625.53
2002-09-10,10695.96,5192.61,2756.28
2002-09-11,10680.98,5178.07,2744.7
2002-09-12,10326.37,4834.76,2471.61
2002-09-13,10425.51,4928.07,2543.04
2002-09-16,10252.44,4764.46,2416.39
2002-09-17,10128.39,4649.64,2328.92
2002-09-18,10102.05,4625.46,2310.75
2002-09-19,9771.72,4322.95,2084.07
2002-09-20,9835.23,4379.58,2124.92
2002-09-23,9513.62,4093.16,1916.25
2002-09-24,9521.23,4099.71,1921.04
2002-09-25,9935.41,4455.97,2171.54
2002-09-26,9859.9,4388.24,2122.03
2002-09-27,9709.04,4253.96,2024.42
2002-09-30,9395.44,3978.73,1828.05
2002-10-01,10348.65,4888.98,2647.69
2002-10-02,10098.21,4652.36,2455.47
2002-10-03,9904.33,4473.24,2313.79
2002-10-04,9692.37,4281.78,2165.47
2002-10-07,9564.43,4168.75,2079.72
2002-10-08,9645.73,4239.61,2132.75
2002-10-09,9597.5,4197.22,2100.76
2002-10-10,10098.49,4635.41,2429.74
2002-10-11,10586.25,5083.19,2781.81
2002-10-14,10706.93,5199.08,2876.95
2002-10-15,11296.88,5772.54,3352.8
2002-10-16,10817.9,5283.03,2926.32
2002-10-17,11233.3,5688.77,3263.14
2002-10-18,11364.73,5821.89,3377.68
2002-10-21,11640.9,6104.83,3623.91
2002-10-22,11456.97,5911.92,3452.14
2002-10-23,11759.43,6224.07,3725.55
2002-10-24,11468.98,5917.22,3449.86
2002-10-25,11833.69,6292.96,3778.63
2002-10-28,11641.98,6089.7,3595.36
2002-10-29,11420.79,5857.68,3390.07
2002-10-30,11721.15,6165.8,3657.55
2002-10-31,11762.18,6208.96,3695.95
2002-11-01,12627.59,7109.48,4571.49
2002-11-04,12973.59,7499.08,4947.26
2002-11-05,13015.1,7547.83,4995.25
2002-11-06,13206.42,7770.49,5216.04
2002-11-07,12709.86,7186.15,4627.67
2002-11-08,12495.07,6943.25,4393.05
2002-11-11,12048.99,6448.2,3922.99
2002-11-12,12414.08,6838.96,4279.59
2002-11-13,12538.22,6975.74,4407.55
2002-11-14,13106.2,7608.44,5006.98
2002-11-15,13149.45,7657.9,5056.05
2002-11-18,12949.58,7425.86,4826.0
2002-11-19,12711.3,7152.59,4559.6
2002-11-20,13262.98,7774.15,5153.72
2002-11-21,13853.18,8465.27,5841.23
2002-11-22,13826.86,8433.1,5807.93
2002-11-25,13963.74,8600.08,5980.43
2002-11-26,13473.62,7996.35,5350.69
2002-11-27,13946.54,8557.7,5914.12
2002-11-29,13827.99,8412.22,5763.31
2002-12-02,14383.87,8981.73,6335.96
2002-12-03,13978.25,8474.26,5799.3
2002-12-04,13730.83,8173.43,5490.78
2002-12-05,13519.38,7922.5,5237.66
2002-12-06,13685.67,8116.6,5430.4
2002-12-09,13028.75,7338.22,4648.97
2002-12-10,13263.27,7601.66,4899.55
2002-12-11,13305.71,7649.56,4946.09
2002-12-12,13352.28,7703.1,4998.03
2002-12-13,12914.33,7197.78,4506.22
2002-12-16,13384.41,7721.78,4997.85
2002-12-17,13353.63,7686.26,4962.86
2002-12-18,13015.78,7297.33,4586.18
2002-12-19,12916.86,7187.14,4482.08
2002-12-20,13013.74,7294.95,4582.92
2002-12-23,13253.19,7564.13,4836.36
2002-12-24,13137.89,7432.52,4710.13
2002-12-26,13049.86,7332.92,4615.46
2002-12-27,12811.05,7064.54,4362.07
2002-12-30,12708.56,6951.5,4257.81
2002-12-31,12637.39,6872.95,4185.86
2003-01-02,13719.38,8025.46,5308.14
2003-01-03,13770.14,8084.04,5366.53
2003-01-06,14168.1,8552.11,5832.34
2003-01-07,14306.95,8718.88,6003.23
2003-01-08,13914.94,8241.95,5510.37
2003-01-09,14363.0,8771.91,6042.12
2003-01-10,14513.81,8956.12,6232.44
2003-01-13,14455.75,8884.47,6157.65
2003-01-14,14614.77,9079.04,6360.24
2003-01-15,14331.24,8725.87,5989.44
2003-01-16,14169.3,8528.66,5786.4
2003-01-17,13584.11,7823.34,5068.88
2003-01-21,13468.64,7690.35,4939.63
2003-01-22,13711.08,7967.2,5206.37
2003-01-23,13872.87,8154.43,5390.15
2003-01-24,13254.14,7427.87,4669.49
2003-01-27,13109.67,7265.94,4516.8
2003-01-28,13436.1,7628.51,4854.65
2003-01-29,13656.45,7877.96,5093.01
2003-01-30,13151.16,7295.78,4528.2
2003-01-31,13295.82,7457.02,4678.08
2003-02-03,13816.52,7981.69,5201.9
2003-02-04,13297.02,7380.66,4614.61
2003-02-05,13402.06,7497.28,4723.97
2003-02-06,13308.25,7392.32,4624.77
2003-02-07,13181.82,7251.86,4492.96
2003-02-10,13498.18,7599.23,4816.01
2003-02-11,13330.81,7411.53,4637.33
2003-02-12,13249.49,7321.11,4552.47
2003-02-13,12999.07,7045.1,4294.8
2003-02-14,13603.53,7699.59,4893.5
2003-02-18,14063.33,8220.08,5390.19
2003-02-19,13770.81,7878.95,5054.38
2003-02-20,13845.17,7963.25,5135.75
2003-02-21,14117.92,8277.01,5438.76
2003-02-24,13772.03,7870.6,5038.47
2003-02-25,13875.33,7989.45,5152.34
2003-02-26,13490.98,7546.04,4723.66
2003-02-27,13866.03,7964.84,5117.15
2003-02-28,14036.58,8161.57,5306.48
2003-03-03,14178.98,8235.42,5377.96
2003-03-04,14088.23,8130.01,5274.71
2003-03-05,14277.02,8347.08,5486.22
2003-03-06,14227.05,8288.65,5428.07
2003-03-07,14232.74,8295.28,5435.12
2003-03-10,13807.18,7800.05,4948.14
2003-03-11,13727.1,7710.35,4862.53
2003-03-12,13934.38,7943.21,5082.81
2003-03-13,14773.23,8898.77,6000.25
2003-03-14,14634.36,8731.48,5831.05
2003-03-17,15450.96,9706.78,6807.75
2003-03-18,15523.57,9798.03,6903.74
2003-03-19,15188.27,9374.75,6456.37
2003-03-20,15624.17,9912.86,7012.27
2003-03-21,15772.6,10102.2,7212.82
2003-03-24,14998.16,9111.17,6151.09
2003-03-25,15425.61,9630.51,6676.39
2003-03-26,15419.44,9622.81,6667.71
2003-03-27,15357.76,9545.82,6587.7
2003-03-28,14979.96,9077.12,6102.19
2003-03-31,14815.18,8877.43,5901.43
2003-04-01,15293.74,9352.11,6375.18
2003-04-02,15818.32,9993.66,7031.19
2003-04-03,15993.9,10215.52,7265.33
2003-04-04,15483.69,9563.77,6570.76
2003-04-07,15615.31,9725.4,6737.66
2003-04-08,15657.47,9776.94,6791.56
2003-04-09,15175.22,9174.68,6163.34
2003-04-10,15355.8,9392.12,6382.75
2003-04-11,15133.14,9118.81,6104.47
2003-04-14,15576.54,9654.09,6641.66
2003-04-15,15694.93,9801.79,6793.75
2003-04-16,15591.34,9671.43,6658.56
2003-04-17,16085.59,10283.63,7291.12
2003-04-21,15878.08,10019.34,7009.68
2003-04-22,16367.13,10635.53,7656.68
2003-04-23,16542.25,10864.2,7903.22
2003-04-24,16537.29,10857.68,7896.9
2003-04-25,16032.9,10195.36,7174.33
2003-04-28,16465.79,10744.89,7754.74
2003-04-29,16367.0,10614.88,7614.38
2003-04-30,16560.13,10866.45,7884.69
2003-05-01,17102.78,11423.28,8448.41
2003-05-02,17374.71,11786.54,8850.55
2003-05-05,17611.01,12108.31,9212.54
2003-05-06,17734.29,12276.62,9405.08
2003-05-07,17282.06,11650.51,8684.65
2003-05-08,17295.89,11669.15,8705.5
2003-05-09,17474.04,11909.54,8975.37
2003-05-12,17776.34,12321.61,9441.19
2003-05-13,17803.0,12359.8,9484.62
2003-05-14,17425.58,11834.51,8880.45
2003-05-15,17551.04,12006.11,9073.15
2003-05-16,17508.92,11948.48,9007.83
2003-05-19,16988.9,11238.74,8206.13
2003-05-20,16849.59,11055.55,8005.08
2003-05-21,16863.07,11073.24,8025.09
2003-05-22,17375.71,11746.49,8756.98
2003-05-23,17342.7,11701.86,8706.19
2003-05-27,17934.08,12498.75,9595.96
2003-05-28,18052.45,12663.74,9786.92
2003-05-29,18305.18,13017.06,10197.0
2003-05-30,18349.12,13078.24,10269.4
2003-06-02,18521.14,13105.71,10206.16
2003-06-03,18813.78,13519.85,10689.93
2003-06-04,19278.48,14186.38,11480.98
2003-06-05,19330.53,14261.57,11572.83
2003-06-06,18994.18,13765.27,10967.57
2003-06-09,18644.68,13258.71,10362.16
2003-06-10,19036.22,13815.57,11014.98
2003-06-11,19310.34,14214.84,11491.93
2003-06-12,19115.31,13926.28,11142.57
2003-06-13,18849.61,13540.52,10679.04
2003-06-16,19499.92,14473.46,11783.25
2003-06-17,19299.07,14175.31,11420.33
2003-06-18,19702.42,14766.42,12135.24
2003-06-19,19192.13,14001.52,11192.33
2003-06-20,19103.84,13871.31,11036.76
2003-06-23,18674.01,13247.1,10290.68
2003-06-24,18649.73,13211.33,10249.51
2003-06-25,18623.62,13174.34,10206.46
2003-06-26,19105.97,13855.45,10998.49
2003-06-27,18828.94,13455.03,10521.15
2003-06-30,18832.7,13460.41,10527.46
2003-07-01,19645.89,14411.33,11562.3
2003-07-02,20074.17,15039.67,12317.31
2003-07-03,19793.13,14620.06,11801.22
2003-07-07,20662.05,15903.7,13355.44
2003-07-08,20930.66,16315.61,13874.97
2003-07-09,20712.98,15976.24,13442.07
2003-07-10,20315.29,15362.76,12667.8
2003-07-11,20492.03,15630.07,12999.7
2003-07-14,20793.27,16089.59,13574.29
2003-07-15,20714.25,15967.31,13419.54
2003-07-16,20583.75,15766.12,13165.91
2003-07-17,20135.03,15078.72,12303.54
2003-07-18,20426.98,15516.0,12838.75
2003-07-21,19855.03,14645.55,11759.01
2003-07-22,20391.11,15436.41,12710.31
2003-07-23,20472.68,15559.91,12861.57
2003-07-24,20177.87,15111.78,12304.66
2003-07-25,20599.59,15743.45,13076.16
2003-07-28,20721.13,15929.23,13307.61
2003-07-29,20259.05,15217.19,12416.0
2003-07-30,20331.98,15326.75,12551.34
2003-07-31,20929.74,16229.5,13659.62
2003-08-01,20791.13,15732.42,12893.75
2003-08-04,21071.81,16157.2,13414.66
2003-08-05,20243.69,14885.62,11831.73
2003-08-06,20413.74,15135.7,12129.89
2003-08-07,20217.77,14845.1,11781.76
2003-08-08,19872.04,14335.91,11176.18
2003-08-11,20301.28,14953.79,11899.27
2003-08-12,20488.05,15230.43,12228.88
2003-08-13,20358.97,15038.53,11997.76
2003-08-14,20692.86,15530.29,12586.85
2003-08-15,20750.8,15615.71,12691.32
2003-08-18,21203.17,16296.55,13521.33
2003-08-19,21474.57,16713.74,14040.55
2003-08-20,21575.5,16870.85,14239.93
2003-08-21,21437.42,16653.22,13965.1
2003-08-22,21527.45,16794.77,14142.45
2003-08-25,21383.22,16571.4,13859.6
2003-08-26,21614.16,16929.34,14308.65
2003-08-27,21782.75,17193.44,14642.05
2003-08-28,21987.51,17518.4,15056.42
2003-08-29,22189.79,17840.73,15471.97
2003-09-02,22966.61,18786.41,16554.95
2003-09-03,22858.67,18609.82,16323.18
2003-09-04,23219.83,19196.03,17095.27
2003-09-05,22864.57,18608.63,16310.59
2003-09-08,23411.03,19499.99,17481.69
2003-09-09,23031.77,18868.19,16630.34
2003-09-10,22481.31,17964.4,15436.28
2003-09-11,22915.2,18657.83,16331.58
2003-09-12,22908.33,18646.63,16316.88
2003-09-15,22711.32,18325.91,15895.91
2003-09-16,23344.96,19348.5,17226.4
2003-09-17,23113.85,18965.4,16713.05
2003-09-18,23652.4,19847.29,17879.62
2003-09-19,23342.55,19325.3,17175.16
2003-09-22,22927.06,18637.32,16258.01
2003-09-23,23433.74,19462.96,17337.54
2003-09-24,22606.53,18086.92,15499.76
2003-09-25,22371.42,17710.72,15016.17
2003-09-26,22094.02,17269.72,14456.07
2003-09-29,22538.11,17965.69,15329.21
2003-09-30,21976.91,17069.2,14182.59
2003-10-01,23061.31,18482.8,15827.83
2003-10-02,22886.04,18200.01,15465.37
2003-10-03,23918.2,19843.47,17559.38
2003-10-06,23889.5,19795.85,17496.17
2003-10-07,24037.62,20039.34,17819.85
2003-10-08,23756.38,19572.42,17196.15
2003-10-09,23932.17,19864.05,17579.63
2003-10-10,24059.02,20074.61,17859.14
2003-10-13,24249.08,20393.8,18284.19
2003-10-14,24525.52,20856.74,18907.68
2003-10-15,24331.77,20527.2,18459.57
2003-10-16,24640.78,21046.54,19161.03
2003-10-17,24027.23,19998.42,17729.71
2003-10-20,24325.16,20494.38,18387.48
2003-10-21,24668.15,21072.32,19165.27
2003-10-22,23908.37,19774.27,17392.48
2003-10-23,23939.45,19827.66,17462.05
2003-10-24,23656.97,19359.72,16845.64
2003-10-27,23635.67,19322.94,16798.47
2003-10-28,24510.19,20752.84,18661.42
2003-10-29,24573.92,20860.75,18806.98
2003-10-30,24399.45,20564.53,18406.39
2003-10-31,24367.73,20511.06,18336.45
2003-11-03,25467.04,22021.7,20196.44
2003-11-04,25105.41,21398.48,19338.09
2003-11-05,25326.33,21777.23,19850.55
2003-11-06,25417.51,21934.03,20066.92
2003-11-07,25295.51,21723.46,19777.96
2003-11-10,24873.07,20997.9,18787.08
2003-11-11,24684.04,20680.83,18360.62
2003-11-12,25424.56,21921.68,20014.91
2003-11-13,25401.67,21884.42,19962.87
2003-11-14,24786.95,20825.21,18515.56
2003-11-17,24266.43,19952.63,17350.93
2003-11-18,24033.47,19569.54,16852.96
2003-11-19,24355.52,20092.05,17528.76
2003-11-20,24557.67,20423.57,17963.48
2003-11-21,24233.51,19884.39,17250.33
2003-11-24,24996.86,21137.1,18882.21
2003-11-25,24856.88,20900.37,18564.99
2003-11-26,24658.03,20563.87,18117.57
2003-11-28,25128.99,21349.41,19155.71
2003-12-01,25992.93,22472.12,20495.01
2003-12-02,25709.6,21982.23,19824.82
2003-12-03,25501.36,21628.31,19345.06
2003-12-04,25761.47,22069.53,19938.95
2003-12-05,25246.24,21184.54,18740.62
2003-12-08,25488.6,21593.4,19282.23
2003-12-09,24841.19,20494.3,17810.99
2003-12-10,24659.85,20195.08,17419.15
2003-12-11,25550.07,21655.19,19307.39
2003-12-12,25225.59,21105.15,18569.84
2003-12-15,25089.37,20877.21,18269.01
2003-12-16,25280.05,21192.46,18683.72
2003-12-17,24981.74,20694.43,18024.18
2003-12-18,25733.69,21938.17,19649.96
2003-12-19,25437.76,21435.78,18974.01
2003-12-22,25501.35,21545.11,19118.21
2003-12-23,26011.38,22406.91,20263.39
2003-12-24,26000.97,22386.75,20237.05
2003-12-26,25907.37,22223.32,20016.46
2003-12-29,26412.56,23087.81,21185.42
2003-12-30,26412.56,23087.81,21185.42
2003-12-31,26209.19,22732.26,20696.04
2004-01-02,26698.5,23213.67,21172.73
2004-01-05,27395.33,24425.42,22830.55
2004-01-06,27540.53,24681.89,23191.27
2004-01-07,27722.3,25010.16,23652.78
2004-01-08,28018.93,25545.38,24412.03
2004-01-09,28223.46,25918.34,24946.66
2004-01-12,28192.42,25858.73,24861.84
2004-01-13,27699.05,24956.26,23559.08
2004-01-14,28131.16,25734.89,24661.64
2004-01-15,28291.5,26030.85,25085.82
2004-01-16,28438.62,26298.96,25474.65
2004-01-20,28213.95,25883.44,24868.36
2004-01-21,28462.24,26338.99,25524.88
2004-01-22,28015.38,25509.31,24320.11
2004-01-23,27819.27,25152.18,23811.82
2004-01-26,28439.64,26273.97,25407.21
2004-01-27,27808.28,25107.4,23717.63
2004-01-28,27249.34,24095.57,22285.08
2004-01-29,26985.02,23625.71,21634.36
2004-01-30,27235.98,24062.79,22235.79
2004-02-02,27619.49,24358.92,22451.6
2004-02-03,27909.49,24868.02,23156.58
2004-02-04,27236.87,23669.38,21482.36
2004-02-05,27506.52,24135.67,22118.23
2004-02-06,27946.62,24905.59,23177.7
2004-02-09,27792.92,24631.63,22795.27
2004-02-10,28037.49,25065.15,23397.06
2004-02-11,28236.56,25421.07,23895.42
2004-02-12,27957.02,24915.19,23183.33
2004-02-13,27568.41,24220.06,22214.27
2004-02-17,28194.22,25322.07,23729.28
2004-02-18,28256.25,25430.96,23883.52
2004-02-19,27685.47,24403.55,22433.79
2004-02-20,27846.04,24689.07,22826.39
2004-02-23,27116.48,23397.83,21034.51
2004-02-24,27482.55,24031.91,21888.52
2004-02-25,27243.45,23616.16,21319.41
2004-02-26,27608.51,24251.43,22178.59
2004-02-27,27216.47,23565.12,21236.0
2004-03-01,28290.2,25063.82,23087.98
2004-03-02,27967.7,24492.37,22300.68
2004-03-03,27967.7,24494.81,22302.91
2004-03-04,28121.52,24764.26,22670.9
2004-03-05,28366.18,25197.63,23264.88
2004-03-08,27353.5,23401.04,20775.54
2004-03-09,27131.94,23021.94,20272.77
2004-03-10,26901.32,22630.57,19753.79
2004-03-11,26616.16,22153.07,19127.59
2004-03-12,27169.78,23074.63,20323.07
2004-03-15,26572.05,22057.04,18979.71
2004-03-16,26463.1,21876.17,18746.26
2004-03-17,27185.54,23072.8,20283.46
2004-03-18,26707.08,22262.95,19214.52
2004-03-19,26546.84,21993.56,18866.74
2004-03-22,25992.01,21074.23,17683.79
2004-03-23,25979.01,21053.16,17657.27
2004-03-24,26420.65,21766.86,18556.02
2004-03-25,27065.32,22829.08,19916.18
2004-03-26,26867.74,22493.5,19478.02
2004-03-29,27445.4,23460.72,20734.35
2004-03-30,27434.42,23444.29,20711.55
2004-03-31,27483.8,23531.04,20825.46
2004-04-01,28171.29,24350.65,21751.97
2004-04-02,28802.33,25444.0,23215.88
2004-04-05,29150.84,26062.28,24060.93
2004-04-06,28713.57,25277.81,22975.79
2004-04-07,28839.91,25497.73,23276.77
2004-04-08,28574.59,25028.57,22634.33
2004-04-12,28943.2,25674.31,23510.28
2004-04-13,28410.64,24726.92,22210.16
2004-04-14,28708.96,25246.19,22907.56
2004-04-15,28014.2,24026.8,21246.76
2004-04-16,28227.11,24392.01,21729.06
2004-04-19,28481.15,24831.06,22315.75
2004-04-20,27771.97,23596.96,20650.99
2004-04-21,28083.02,24123.17,21342.8
2004-04-22,28776.67,25312.44,22922.17
2004-04-23,28693.22,25163.1,22720.45
2004-04-26,28509.58,24838.49,22281.95
2004-04-27,28540.94,24893.14,22355.48
2004-04-28,28015.79,23977.07,21121.46
2004-04-29,27463.87,23032.38,19873.18
2004-04-30,27090.37,22405.89,19062.35
2004-05-03,27642.79,22995.23,19675.81
2004-05-04,28320.04,24121.99,21123.95
2004-05-05,28260.56,24020.68,20990.87
2004-05-06,27627.53,22946.96,19582.38
2004-05-07,27682.78,23038.74,19699.88
2004-05-10,27632.95,22953.5,19591.53
2004-05-11,28006.0,23573.25,20383.03
2004-05-12,27896.77,23391.73,20146.58
2004-05-13,28066.95,23677.11,20515.27
2004-05-14,27449.47,22637.69,19163.31
2004-05-17,27397.32,22553.93,19056.0
2004-05-18,27643.89,22959.9,19568.6
2004-05-19,27489.09,22700.45,19237.89
2004-05-20,27373.63,22507.5,18993.57
2004-05-21,27515.98,22743.83,19291.77
2004-05-24,27727.85,23094.08,19737.41
2004-05-25,28548.59,24458.94,21488.12
2004-05-26,28645.66,24625.26,21707.3
2004-05-27,28559.72,24477.51,21514.1
2004-05-28,28925.29,25104.13,22340.24
2004-06-01,29425.29,25606.69,22842.53
2004-06-02,29522.39,25775.7,23068.67
2004-06-03,28943.75,24765.29,21712.23
2004-06-04,29140.57,25102.1,22155.16
2004-06-07,29869.08,26357.2,23819.01
2004-06-08,29961.68,26517.98,24038.15
2004-06-09,29422.37,25563.34,22737.69
2004-06-10,29666.57,25990.24,23306.13
2004-06-14,29076.21,24955.83,21914.75
2004-06-15,29797.3,26196.14,23547.4
2004-06-16,29713.87,26046.82,23347.25
2004-06-17,29214.67,25171.65,22170.55
2004-06-18,29667.5,25954.48,23203.69
2004-06-21,29056.35,24882.56,21767.39
2004-06-22,29544.5,25716.13,22862.28
2004-06-23,29943.35,26410.46,23788.21
2004-06-24,29760.69,26085.62,23350.5
2004-06-25,30120.8,26719.5,24200.46
2004-06-28,29747.3,26056.85,23300.21
2004-06-29,30184.58,26822.92,24325.41
2004-06-30,30513.6,27407.66,25120.86
2004-07-01,30080.09,26227.62,23307.29
2004-07-02,30001.88,26088.62,23123.16
2004-07-06,29350.84,24956.37,21620.16
2004-07-07,29703.05,25555.32,22398.48
2004-07-08,29126.81,24566.33,21097.13
2004-07-09,29190.89,24676.88,21238.48
2004-07-12,29217.16,24721.3,21295.83
2004-07-13,29030.17,24404.87,20886.95
2004-07-14,28734.06,23904.57,20245.72
2004-07-15,29064.5,24454.37,20942.17
2004-07-16,28340.8,23236.54,19377.79
2004-07-19,28624.21,23703.6,19961.06
2004-07-20,28927.62,24206.11,20595.82
2004-07-21,28224.68,23029.7,19096.45
2004-07-22,28729.9,23856.46,20123.84
2004-07-23,27899.61,22479.95,18381.11
2004-07-26,27665.25,22102.28,17917.91
2004-07-27,28412.21,23298.02,19371.05
2004-07-28,28341.18,23181.53,19225.77
2004-07-29,28250.49,23035.48,19043.12
2004-07-30,28736.4,23830.21,20027.65
2004-08-02,29160.39,24203.69,20367.54
2004-08-03,28553.85,23196.82,19096.6
2004-08-04,28705.19,23440.38,19398.33
2004-08-05,28001.91,22289.46,17970.61
2004-08-06,27229.06,21059.08,16484.44
2004-08-09,27220.89,21046.45,16469.61
2004-08-10,27885.08,22075.62,17676.83
2004-08-11,27514.2,21488.41,16973.29
2004-08-12,26974.93,20643.91,15973.56
2004-08-13,26958.74,20619.14,15943.21
2004-08-16,27638.1,21660.41,17150.12
2004-08-17,27577.3,21565.1,17036.92
2004-08-18,28236.4,22598.07,18260.18
2004-08-19,27846.73,21976.62,17506.03
2004-08-20,28425.95,22893.05,18600.16
2004-08-23,28522.59,23048.72,18789.88
2004-08-24,28174.62,22484.03,18100.29
2004-08-25,28802.91,23489.06,19313.01
2004-08-26,28563.85,23099.14,18832.12
2004-08-27,28843.77,23551.89,19385.78
2004-08-30,28315.93,22689.89,18321.5
2004-08-31,28032.77,22238.36,17773.69
2004-09-01,28669.73,22956.65,18536.83
2004-09-02,29544.16,24357.0,20232.95
2004-09-03,28867.6,23243.89,18844.97
2004-09-07,28919.56,23329.89,18948.62
2004-09-08,28965.83,23406.88,19041.46
2004-09-09,29423.49,24148.88,19945.93
2004-09-10,29803.05,24771.92,20717.84
2004-09-13,30253.08,25522.51,21658.43
2004-09-14,30253.08,25519.95,21656.27
2004-09-15,29759.95,24688.0,20599.44
2004-09-16,29774.83,24712.69,20628.28
2004-09-17,30078.54,25214.36,21257.44
2004-09-20,30283.07,25557.27,21691.09
2004-09-21,30355.75,25682.5,21849.44
2004-09-22,29563.46,24339.31,20136.44
2004-09-23,29785.19,24704.4,20589.51
2004-09-24,29445.64,24138.67,19883.29
2004-09-27,29145.29,23646.24,19274.86
2004-09-28,29381.37,24029.31,19743.24
2004-09-29,29748.64,24627.64,20481.64
2004-09-30,29582.05,24351.81,20135.5
2004-10-01,31131.91,26588.95,22798.1
2004-10-04,31240.87,26777.73,23039.76
2004-10-05,31437.69,27115.13,23472.91
2004-10-06,31591.73,27378.15,23815.61
2004-10-07,31174.72,26655.37,22872.51
2004-10-08,30601.11,25674.45,21609.95
2004-10-11,30879.58,26141.72,22199.9
2004-10-12,30836.35,26068.53,22106.66
2004-10-13,30543.4,25573.22,21476.62
2004-10-14,30460.93,25435.13,21304.81
2004-10-15,30893.48,26160.03,22214.53
2004-10-18,31224.04,26722.47,22929.83
2004-10-19,30927.41,26212.07,22274.04
2004-10-20,31202.66,26676.02,22866.53
2004-10-21,31680.06,27492.31,23916.1
2004-10-22,30815.2,25991.23,21959.77
2004-10-25,30842.93,26040.61,22021.25
2004-10-26,30898.45,26136.96,22142.37
2004-10-27,31775.97,27621.54,24031.11
2004-10-28,31963.44,27947.48,24456.47
2004-10-29,31615.04,27335.43,23654.29
2004-11-01,32535.75,28564.72,25103.56
2004-11-02,32854.6,29124.59,25844.11
2004-11-03,32535.91,28556.66,25089.46
2004-11-04,33066.25,29487.6,26316.34
2004-11-05,32924.06,29236.96,25979.49
2004-11-08,33128.19,29599.5,26462.71
2004-11-09,33393.22,30076.05,27100.46
2004-11-10,32955.76,29291.06,26038.12
2004-11-11,33565.45,30377.76,27485.84
2004-11-12,33914.53,31009.62,28343.4
2004-11-15,33992.53,31155.36,28541.8
2004-11-16,33554.03,30348.44,27434.38
2004-11-17,34389.52,31859.79,29486.47
2004-11-18,34423.91,31920.33,29571.98
2004-11-19,33769.86,30707.35,27889.34
2004-11-22,34141.33,31382.92,28809.69
2004-11-23,33793.08,30742.7,27928.11
2004-11-24,34452.05,31938.6,29559.11
2004-11-26,34348.69,31743.77,29290.12
2004-11-29,34108.25,31302.53,28677.96
2004-11-30,34193.52,31455.91,28890.18
2004-12-01,35488.0,33422.69,31412.22
2004-12-02,35849.98,34107.86,32376.58
2004-12-03,35609.79,33650.81,31725.81
2004-12-06,35894.67,34189.22,32487.23
2004-12-07,35087.04,32650.71,30294.34
2004-12-08,35494.04,33408.21,31348.58
2004-12-09,35671.52,33745.63,31821.94
2004-12-10,35575.2,33563.4,31564.19
2004-12-13,35511.17,33445.93,31396.9
2004-12-14,36036.73,34435.93,32787.78
2004-12-15,35669.16,33729.99,31781.19
2004-12-16,35362.4,33153.21,30964.42
2004-12-17,35249.24,32941.03,30667.16
2004-12-20,35044.8,32558.91,30133.55
2004-12-21,35577.48,33548.7,31507.64
2004-12-22,35758.92,33890.9,31989.71
2004-12-23,35751.77,33873.96,31967.32
2004-12-27,35333.48,33081.31,30845.26
2004-12-28,35863.48,34070.44,32230.21
2004-12-29,35989.0,34308.93,32568.63
2004-12-30,35805.46,33958.98,32070.33
2004-12-31,35776.81,33904.64,31996.57
2005-01-03,35794.33,33489.48,31203.21
2005-01-04,35039.07,32076.22,29224.92
2005-01-05,34986.51,31980.0,29090.49
2005-01-06,34857.06,31743.34,28767.58
2005-01-07,35324.15,32597.24,29926.92
2005-01-10,34893.19,31801.87,28834.59
2005-01-11,34596.6,31261.24,28099.3
2005-01-12,35077.49,32127.17,29268.23
2005-01-13,34558.34,31176.21,27968.72
2005-01-14,35014.52,31996.14,29073.49
2005-01-18,35252.61,32431.29,29663.68
2005-01-19,34607.49,31247.55,28038.11
2005-01-20,33911.88,29991.4,26347.41
2005-01-21,33640.59,29511.53,25717.71
2005-01-24,33152.8,28655.7,24596.42
2005-01-25,33331.82,28962.31,24992.42
2005-01-26,33888.46,29929.66,26244.54
2005-01-27,33529.25,29295.15,25407.34
2005-01-28,33291.19,28879.16,24868.7
2005-01-31,33880.44,29901.48,26189.23
2005-02-01,34717.37,30997.35,27473.9
2005-02-02,34432.69,30492.09,26800.79
2005-02-03,34126.24,29949.33,26085.2
2005-02-04,34877.01,31267.1,27804.22
2005-02-07,34598.0,30766.83,27139.7
2005-02-08,35044.31,31563.69,28192.72
2005-02-09,34185.73,30017.07,26120.55
2005-02-10,34404.52,30401.29,26622.07
2005-02-11,34889.62,31258.6,27745.52
2005-02-14,34990.8,31439.9,27986.91
2005-02-15,35470.17,32304.5,29139.97
2005-02-16,34884.91,31235.22,27694.62
2005-02-17,34518.62,30579.28,26819.47
2005-02-18,34370.19,30319.36,26476.18
2005-02-22,33933.69,29552.28,25470.09
2005-02-23,33852.25,29410.43,25286.71
2005-02-24,34485.29,30510.38,26707.82
2005-02-25,34716.34,30916.17,27241.97
2005-02-28,34039.37,29710.43,25645.59
2005-03-01,35257.79,31470.21,27779.69
2005-03-02,35529.27,31954.85,28421.41
2005-03-03,34633.94,30344.33,26272.75
2005-03-04,35285.05,31485.27,27757.16
2005-03-07,35789.63,32388.9,28950.71
2005-03-08,35213.42,31345.98,27549.5
2005-03-09,35051.44,31057.59,27169.32
2005-03-10,34683.4,30408.49,26316.2
2005-03-11,34624.43,30305.1,26181.99
2005-03-14,34638.28,30329.35,26213.41
2005-03-15,34600.18,30259.59,26124.28
2005-03-16,34178.06,29524.28,25170.74
2005-03-17,34506.17,30088.19,25893.14
2005-03-18,34009.28,29221.65,24774.56
2005-03-21,34362.98,29829.47,25545.05
2005-03-22,33771.93,28806.31,24229.48
2005-03-23,34119.78,29402.61,24980.59
2005-03-24,33884.36,28996.85,24463.5
2005-03-28,33948.74,29107.04,24602.94
2005-03-29,33616.04,28536.54,23879.61
2005-03-30,34389.21,29846.37,25524.92
2005-03-31,34086.58,29324.06,24853.61
2005-04-01,34302.97,29331.96,24727.38
2005-04-04,34666.59,29953.8,25516.18
2005-04-05,34562.59,29771.08,25283.98
2005-04-06,34572.96,29788.94,25306.74
2005-04-07,35081.18,30664.73,26422.77
2005-04-08,34747.91,30082.11,25667.07
2005-04-11,34553.32,29745.19,25235.87
2005-04-12,34857.39,30268.7,25899.57
2005-04-13,34153.27,29045.85,24327.47
2005-04-14,33695.61,28264.51,23347.07
2005-04-15,32934.09,26986.96,21764.14
2005-04-18,33190.98,27405.25,22271.24
2005-04-19,33313.79,27608.05,22518.45
2005-04-20,32864.05,26865.4,21608.71
2005-04-21,33882.84,28528.36,23616.16
2005-04-22,33045.93,27119.06,21868.56
2005-04-25,33376.39,27661.44,22522.43
2005-04-26,33229.53,27418.02,22225.14
2005-04-27,33432.23,27752.52,22631.86
2005-04-28,32957.5,26964.35,21667.74
2005-04-29,33273.89,27484.76,22293.94
2005-05-02,33611.77,27716.11,22465.7
2005-05-03,34109.23,28539.28,23465.43
2005-05-04,34504.89,29198.54,24279.68
2005-05-05,34239.21,28745.96,23716.39
2005-05-06,34424.1,29056.41,24098.22
2005-05-09,34747.68,29605.58,24780.2
2005-05-10,34438.43,29078.6,24118.57
2005-05-11,34655.39,29447.9,24576.82
2005-05-12,34541.03,29256.49,24335.97
2005-05-13,34917.53,29894.28,25131.76
2005-05-16,35154.97,30303.83,25646.96
2005-05-17,35379.96,30691.72,26139.38
2005-05-18,35832.82,31480.5,27145.75
2005-05-19,36123.07,31987.33,27802.67
2005-05-20,36292.85,32288.01,28194.69
2005-05-23,36448.9,32568.92,28561.22
2005-05-24,36572.83,32790.39,28855.4
2005-05-25,36389.97,32459.21,28419.69
2005-05-26,36772.06,33140.85,29314.91
2005-05-27,36794.12,33183.93,29370.6
2005-05-31,36624.87,32875.32,28962.35
2005-06-01,37529.53,34106.24,30428.72
2005-06-02,37758.46,34518.93,30982.52
2005-06-03,37169.43,33441.94,29532.54
2005-06-06,37188.02,33475.38,29576.84
2005-06-07,36845.89,32862.78,28763.47
2005-06-08,36764.82,32714.9,28570.76
2005-06-09,37047.91,33218.71,29230.74
2005-06-10,36607.04,32431.42,28190.13
2005-06-13,36797.4,32768.71,28629.9
2005-06-14,36683.33,32565.54,28366.5
2005-06-15,36804.38,32783.73,28650.17
2005-06-16,36995.77,33124.68,29097.11
2005-06-17,37014.26,33154.5,29137.84
2005-06-20,36995.76,33118.03,29091.22
2005-06-21,36977.26,33081.6,29044.68
2005-06-22,36925.49,32988.97,28925.59
2005-06-23,36482.38,32197.23,27884.27
2005-06-24,36102.97,31527.53,27014.28
2005-06-27,35947.73,31256.39,26665.8
2005-06-28,36303.61,31878.4,27460.44
2005-06-29,36194.7,31687.13,27216.04
2005-06-30,35941.33,31240.34,26641.78
2005-07-01,36368.45,31613.38,26978.93
2005-07-05,36753.96,32283.58,27836.86
2005-07-06,36562.84,31947.83,27402.61
2005-07-07,36690.81,32171.46,27693.08
2005-07-08,37409.95,33432.59,29321.43
2005-07-11,37761.6,34061.12,30148.29
2005-07-12,37954.18,34408.54,30612.58
2005-07-13,38003.52,34498.0,30731.97
2005-07-14,38391.16,35198.31,31669.29
2005-07-15,38498.66,35395.42,31935.31
2005-07-18,38329.26,35083.94,31513.77
2005-07-19,38808.38,35957.53,32692.38
2005-07-20,39107.2,36511.28,33447.58
2005-07-21,39087.65,36471.12,33394.06
2005-07-22,39060.29,36420.06,33323.93
2005-07-25,38884.52,36092.28,32874.06
2005-07-26,39016.72,36334.1,33206.09
2005-07-27,39332.76,36926.34,34016.32
2005-07-28,39497.96,37232.83,34441.52
2005-07-29,39170.12,36611.04,33580.48
2005-08-01,39793.1,37341.13,34397.43
2005-08-02,40214.91,38129.03,35487.83
2005-08-03,40218.93,38132.84,35494.93
2005-08-04,39764.45,37267.23,34288.1
2005-08-05,39589.49,36935.55,33832.07
2005-08-08,39300.49,36399.98,33094.53
2005-08-09,39575.59,36913.22,33792.82
2005-08-10,39195.67,36200.8,32816.21
2005-08-11,39564.1,36881.37,33744.91
2005-08-12,39342.55,36471.99,33181.37
2005-08-15,39562.86,36884.12,33742.13
2005-08-16,38906.12,35659.57,32058.4
2005-08-17,39108.43,36030.43,32558.51
2005-08-18,38948.09,35731.38,32154.79
2005-08-19,38897.46,35638.47,32029.38
2005-08-22,38944.13,35724.01,32144.69
2005-08-23,38838.98,35531.1,31881.1
2005-08-24,38602.07,35097.62,31297.68
2005-08-25,38706.29,35283.64,31548.06
2005-08-26,38532.11,34966.08,31122.16
2005-08-29,38844.22,35536.03,31881.54
2005-08-30,38700.5,35273.06,31527.66
2005-08-31,39095.24,35992.63,32492.4
2005-09-01,39484.38,36288.27,32711.97
2005-09-02,39381.72,36099.58,32453.54
2005-09-06,39988.2,37207.83,33949.65
2005-09-07,40052.18,37326.9,34116.0
2005-09-08,39996.1,37226.12,33976.13
2005-09-09,40252.08,37698.89,34625.07
2005-09-12,40360.76,37902.46,34909.0
2005-09-13,40239.68,37675.05,34594.82
2005-09-14,39797.04,36842.43,33449.73
2005-09-15,39769.18,36790.85,33382.83
2005-09-16,40043.59,37294.88,34070.52
2005-09-19,39719.24,36690.71,33242.6
2005-09-20,39512.7,36305.45,32720.69
2005-09-21,39101.77,35553.93,31703.08
2005-09-22,39238.62,35806.36,32039.13
2005-09-23,39348.49,36006.88,32308.26
2005-09-26,39376.03,36057.29,32376.11
2005-09-27,39273.66,35873.4,32126.81
2005-09-28,39273.66,35873.4,32123.6
2005-09-29,39803.85,36838.39,33421.39
2005-09-30,40098.4,37383.6,34160.01
2005-10-03,40699.9,38069.23,34916.49
2005-10-04,40443.49,37593.36,34260.06
2005-10-05,39832.79,36461.8,32711.51
2005-10-06,39362.76,35601.3,31550.25
2005-10-07,39437.55,35736.59,31733.24
2005-10-10,39212.76,35325.62,31187.43
2005-10-11,39016.69,34975.9,30722.73
2005-10-12,38556.3,34153.96,29638.22
2005-10-13,38876.31,34720.92,30376.21
2005-10-14,39140.67,35196.59,30998.93
2005-10-17,39281.58,35450.01,31336.81
2005-10-18,38990.9,34925.35,30641.14
2005-10-19,39782.41,36339.83,32504.12
2005-10-20,39428.35,35689.34,31633.01
2005-10-21,39668.86,36128.32,32215.05
2005-10-24,40315.46,37306.11,33790.37
2005-10-25,40194.52,37078.54,33482.88
2005-10-26,39925.21,36577.98,32806.52
2005-10-27,39118.72,35103.89,30821.73
2005-10-28,39466.88,35728.73,31644.67
2005-10-31,40027.31,36739.86,32989.57
2005-11-01,40458.41,37113.24,33318.77
2005-11-02,40992.46,38089.32,34634.86
2005-11-03,41566.36,39155.82,36089.53
2005-11-04,41786.66,39574.79,36666.96
2005-11-07,41811.73,39622.28,36732.96
2005-11-08,41790.83,39578.69,36674.19
2005-11-09,41836.8,39665.77,36795.21
2005-11-10,42368.12,40673.28,38197.11
2005-11-11,42431.68,40791.23,38365.18
2005-11-14,42393.49,40717.81,38265.43
2005-11-15,42198.48,40343.2,37737.36
2005-11-16,42379.93,40694.19,38227.95
2005-11-17,43019.87,41923.15,39959.68
2005-11-18,43110.21,42095.04,40207.43
2005-11-21,43274.03,42414.96,40665.79
2005-11-22,43477.42,42813.66,41239.18
2005-11-23,43546.98,42946.38,41433.0
2005-11-25,43655.85,43161.11,41747.89
2005-11-28,43228.02,42315.16,40520.51
2005-11-29,43033.49,41934.32,39977.53
2005-11-30,42921.61,41720.46,39669.7
2005-12-01,44246.62,43820.61,42455.36
2005-12-02,44370.51,44070.39,42816.23
2005-12-05,43997.8,43330.01,41737.26
2005-12-06,44169.39,43667.98,42221.41
2005-12-07,44058.96,43445.27,41900.53
2005-12-08,43763.77,42858.76,41054.14
2005-12-09,43947.58,43214.49,41567.32
2005-12-12,44097.0,43508.35,41991.3
2005-12-13,44291.03,43886.87,42541.39
2005-12-14,44113.86,43535.78,42035.15
2005-12-15,44184.44,43675.09,42236.92
2005-12-16,43844.22,43006.86,41265.47
2005-12-19,43212.87,41768.26,39482.8
2005-12-20,43230.15,41805.85,39534.13
2005-12-21,43372.81,42085.95,39929.47
2005-12-22,43702.44,42729.87,40843.85
2005-12-23,43689.33,42708.5,40811.18
2005-12-27,43313.61,41969.65,39754.17
2005-12-28,43278.95,41906.69,39662.73
2005-12-29,42976.0,41315.81,38825.85
2005-12-30,42713.85,40807.62,38111.45
2006-01-03,44125.66,43050.81,41055.56
2006-01-04,44544.85,43864.47,42221.54
2006-01-05,44794.31,44355.75,42926.64
2006-01-06,45573.73,45899.33,45167.41
2006-01-09,45756.02,46266.52,45704.9
2006-01-10,45810.93,46377.56,45874.01
2006-01-11,46186.58,47133.52,46997.92
2006-01-12,45900.22,46549.06,46123.76
2006-01-13,45886.45,46516.48,46077.64
2006-01-17,45615.72,45962.93,45257.45
2006-01-18,45095.7,44914.98,43709.65
2006-01-19,45442.94,45611.16,44723.71
2006-01-20,44038.75,42787.83,40573.35
2006-01-23,44038.75,42783.55,40569.29
2006-01-24,44298.58,43288.39,41291.43
2006-01-25,44054.94,42816.55,40614.25
2006-01-26,44407.38,43505.9,41593.05
2006-01-27,44949.15,44567.44,43115.36
2006-01-30,45012.08,44687.77,43292.13
2006-01-31,44940.06,44544.77,43088.66
2006-02-01,45499.13,45166.39,43763.01
2006-02-02,44775.69,43730.1,41675.52
2006-02-03,44211.52,42628.1,40100.18
2006-02-06,44025.83,42270.03,39594.92
2006-02-07,43876.14,41978.36,39187.09
2006-02-08,44371.94,42927.07,40511.62
2006-02-09,43937.1,42085.7,39320.57
2006-02-10,44191.93,42578.11,40008.68
2006-02-13,43714.66,41662.68,38716.4
2006-02-14,44143.07,42479.27,39854.67
2006-02-15,44438.82,43052.74,40659.73
2006-02-16,44847.66,43849.21,41786.0
2006-02-17,44493.36,43152.01,40791.5
2006-02-21,43972.79,42146.57,39363.8
2006-02-22,44553.23,43259.24,40922.6
2006-02-23,44415.12,42991.03,40537.93
2006-02-24,44526.16,43205.98,40846.02
2006-02-27,45033.75,44195.4,42247.04
2006-02-28,44367.25,42887.22,40371.27
2006-03-01,45513.34,44632.43,42632.82
2006-03-02,45490.59,44592.26,42573.13
2006-03-03,45235.84,44092.83,41857.9
2006-03-06,44851.33,43338.84,40786.34
2006-03-07,44613.62,42875.12,40133.76
2006-03-08,44595.78,42840.82,40085.6
2006-03-09,44185.5,42052.54,38979.24
2006-03-10,44269.45,42212.34,39201.42
2006-03-13,44419.96,42495.17,39597.35
2006-03-14,45152.89,43901.76,41561.38
2006-03-15,45509.6,44595.4,42550.54
2006-03-16,45095.46,43783.77,41388.91
2006-03-17,45271.34,44129.66,41877.3
2006-03-20,45361.88,44301.77,42124.38
2006-03-21,44917.33,43433.45,40890.13
2006-03-22,45020.64,43633.25,41172.28
2006-03-23,44872.07,43340.9,40760.55
2006-03-24,45114.38,43813.32,41424.95
2006-03-27,45136.94,43857.13,41487.09
2006-03-28,44933.82,43462.42,40922.86
2006-03-29,45760.61,45061.83,43181.81
2006-03-30,45888.74,45318.69,43548.85
2006-03-31,45755.66,45051.31,43165.62
2006-04-03,46338.92,45719.85,43905.78
2006-04-04,46603.05,46245.62,44660.96
2006-04-05,47041.12,47119.67,45924.87
2006-04-06,47215.17,47473.06,46439.23
2006-04-07,46776.07,46590.07,45143.57
2006-04-10,46663.81,46366.43,44814.02
2006-04-11,46271.83,45587.48,43684.71
2006-04-12,46281.09,45605.71,43710.92
2006-04-13,46480.1,45997.92,44274.79
2006-04-17,45996.7,45045.76,42897.85
2006-04-18,46875.24,46766.51,45351.6
2006-04-19,47076.8,47168.7,45936.64
2006-04-20,46935.57,46890.41,45527.8
2006-04-21,46395.81,45811.93,43957.09
2006-04-24,46326.22,45674.49,43759.29
2006-04-25,46191.87,45409.58,43378.58
2006-04-26,46210.35,45450.45,43434.97
2006-04-27,46617.0,46250.38,44577.31
2006-04-28,46169.48,45367.0,43297.94
2006-05-01,46282.12,45105.6,42707.37
2006-05-02,46374.69,45281.52,42959.35
2006-05-03,46277.3,45086.81,42684.41
2006-05-04,46679.91,45875.82,43802.74
2006-05-05,47030.01,46568.55,44792.68
2006-05-08,47067.63,46643.06,44900.18
2006-05-09,46954.67,46423.84,44581.39
2006-05-10,46503.91,45537.14,43301.91
2006-05-11,45480.82,43528.95,40439.65
2006-05-12,44885.02,42392.85,38854.42
2006-05-15,44858.09,42337.74,38780.59
2006-05-16,44553.06,41761.94,37989.47
2006-05-17,43871.4,40488.2,36249.55
2006-05-18,43546.75,39888.98,35448.44
2006-05-19,43925.6,40579.06,36370.09
2006-05-22,43477.56,39751.25,35260.81
2006-05-23,43051.48,38972.12,34220.61
2006-05-24,43357.15,39525.53,34952.93
2006-05-25,43890.44,40501.81,36246.19
2006-05-26,44074.78,40842.02,36699.27
2006-05-30,43113.95,39057.22,34295.47
2006-05-31,43342.45,39471.23,34837.34
2006-06-01,44868.37,41841.88,37821.55
2006-06-02,44765.17,41653.6,37564.36
2006-06-05,43784.81,39825.0,35092.63
2006-06-06,43727.89,39717.48,34952.26
2006-06-07,43443.66,39205.12,34274.19
2006-06-08,43343.74,39020.86,34034.27
2006-06-09,43049.0,38490.17,33343.37
2006-06-12,42196.63,36969.81,31366.11
2006-06-13,42099.58,36799.75,31152.82
2006-06-14,42470.06,37451.11,31978.37
2006-06-15,43659.22,39548.37,34661.35
2006-06-16,43375.43,39034.24,33985.46
2006-06-19,42989.39,38339.43,33078.05
2006-06-20,42972.2,38308.76,33038.35
2006-06-21,43672.64,39557.62,34653.93
2006-06-22,43144.2,38600.33,33392.52
2006-06-23,43049.29,38430.49,33172.13
2006-06-26,43191.35,38684.13,33500.54
2006-06-27,42383.67,37233.47,31617.81
2006-06-28,42697.31,37780.81,32316.56
2006-06-29,44012.39,40104.33,35299.38
2006-06-30,43726.31,39582.97,34611.04
2006-07-03,44535.89,40644.13,35848.37
2006-07-05,43627.36,38989.91,33658.04
2006-07-06,43561.92,38869.05,33503.21
2006-07-07,43060.96,37975.06,32347.35
2006-07-10,42699.24,37340.87,31535.43
2006-07-11,43040.84,37938.33,32292.28
2006-07-12,42154.2,36375.27,30296.62
2006-07-13,41500.81,35247.64,28884.8
2006-07-14,41052.6,34486.29,27946.04
2006-07-17,41229.12,34786.32,28309.34
2006-07-18,41336.32,34967.21,28530.15
2006-07-19,41848.89,35834.39,29591.47
2006-07-20,41183.49,34694.86,28179.96
2006-07-21,40763.42,33983.61,27314.84
2006-07-24,41619.45,35410.93,29032.94
2006-07-25,41819.23,35754.41,29453.92
2006-07-26,41773.23,35675.75,29356.72
2006-07-27,41510.05,35226.24,28801.88
2006-07-28,42402.52,36740.97,30659.6
2006-07-31,42377.08,36696.88,30607.48
2006-08-01,42182.47,35991.7,29592.54
2006-08-02,42625.39,36743.92,30521.75
2006-08-03,42910.98,37239.97,31138.29
2006-08-04,42717.88,36904.81,30721.03
2006-08-07,42440.21,36428.74,30125.05
2006-08-08,42177.08,35973.38,29561.71
2006-08-09,42202.39,36012.95,29611.96
2006-08-10,42506.25,36527.93,30248.62
2006-08-11,42234.21,36060.38,29670.87
2006-08-14,42449.6,36428.19,30124.84
2006-08-15,43587.25,38384.39,32549.89
2006-08-16,44598.47,40165.42,34818.61
2006-08-17,44696.59,40346.16,35051.9
2006-08-18,44777.04,40491.41,35244.68
2006-08-21,44342.71,39701.83,34215.54
2006-08-22,44409.22,39820.93,34366.09
2006-08-23,44040.62,39155.92,33506.93
2006-08-24,44177.15,39398.69,33815.2
2006-08-25,44247.83,39524.77,33977.51
2006-08-28,44606.24,40165.07,34799.77
2006-08-29,44699.91,40337.78,35022.48
2006-08-30,44936.82,40761.32,35575.84
2006-08-31,44873.91,40647.19,35426.42
2006-09-01,45655.23,41653.3,36591.06
2006-09-05,46061.56,42398.9,37571.7
2006-09-06,45158.75,40732.62,35358.73
2006-09-07,44946.51,40349.73,34863.71
2006-09-08,45229.67,40858.14,35522.63
2006-09-11,45492.0,41328.01,36137.17
2006-09-12,46410.94,42997.66,38327.08
2006-09-13,46647.64,43436.24,38913.49
2006-09-14,46703.62,43544.83,39057.47
2006-09-15,46890.43,43888.83,39522.25
2006-09-18,46881.05,43875.67,39502.49
2006-09-19,46562.26,43278.96,38696.64
2006-09-20,47260.69,44577.33,40434.12
2006-09-21,46958.23,44011.19,39661.83
2006-09-22,46601.34,43337.82,38753.57
2006-09-25,47407.55,44832.98,40761.01
2006-09-26,47663.55,45312.69,41417.26
2006-09-27,47563.45,45117.84,41152.19
2006-09-28,47734.68,45442.69,41592.52
2006-09-29,47519.88,45033.71,41031.02
2006-10-02,47400.42,44358.94,39923.77
2006-10-03,47618.46,44767.04,40470.72
2006-10-04,48804.16,46996.44,43493.89
2006-10-05,49043.3,47461.71,44137.6
2006-10-06,48910.89,47205.41,43780.08
2006-10-09,49091.86,47554.73,44261.66
2006-10-10,49155.67,47678.37,44434.28
2006-10-11,49096.69,47563.95,44274.32
2006-10-12,49887.14,49095.51,46417.2
2006-10-13,50136.58,49591.37,47118.1
2006-10-16,50146.61,49616.17,47151.08
2006-10-17,49625.08,48584.15,45675.25
2006-10-18,49367.03,48078.87,44967.28
2006-10-19,49529.94,48396.19,45412.46
2006-10-20,49624.05,48580.1,45666.77
2006-10-23,50100.44,49507.98,46977.4
2006-10-24,49749.74,48814.87,45995.58
2006-10-25,50122.86,49547.09,47030.48
2006-10-26,50624.09,50538.03,48446.09
2006-10-27,49854.6,49006.73,46241.8
2006-10-30,50148.75,49589.91,47064.9
2006-10-31,50284.15,49862.66,47450.83
2006-11-01,50052.86,48917.25,45884.15
2006-11-02,50127.94,49064.0,46086.04
2006-11-03,49947.47,48710.74,45583.71
2006-11-06,50776.6,50327.93,47853.77
2006-11-07,51050.8,50866.44,48624.22
2006-11-08,51290.74,51344.59,49314.68
2006-11-09,51008.64,50779.8,48500.99
2006-11-10,51329.99,51419.62,49417.66
2006-11-13,51822.76,52412.02,50845.83
2006-11-14,52387.63,53554.6,52503.4
2006-11-15,52581.46,53950.91,53086.19
2006-11-16,52818.08,54441.86,53808.16
2006-11-17,52781.1,54365.64,53689.79
2006-11-20,52870.83,54555.92,53968.97
2006-11-21,53018.87,54861.44,54422.31
2006-11-22,53336.98,55519.77,55401.91
2006-11-24,53214.31,55264.38,55014.1
2006-11-27,52032.95,52805.12,51344.66
2006-11-28,52183.85,53111.39,51791.36
2006-11-29,52549.13,53854.95,52873.8
2006-11-30,52507.09,53763.39,52741.61
2006-12-01,52530.03,53286.65,51804.09
2006-12-04,53265.45,54778.68,53974.68
2006-12-05,53409.27,55079.96,54417.27
2006-12-06,53238.36,54732.96,53900.31
2006-12-07,52599.5,53413.89,51954.51
2006-12-08,52857.24,53937.35,52723.44
2006-12-11,53021.09,54271.76,53213.76
2006-12-12,52729.48,53680.2,52341.06
2006-12-13,52771.66,53766.09,52471.91
2006-12-14,53362.7,54970.45,54234.97
2006-12-15,53517.45,55283.78,54701.39
2006-12-18,52998.34,54211.27,53109.58
2006-12-19,52823.44,53853.48,52589.1
2006-12-20,52612.15,53417.27,51952.77
2006-12-21,52270.17,52717.5,50934.5
2006-12-22,51747.47,51663.15,49406.47
2006-12-26,51892.36,51957.63,49826.42
2006-12-27,52182.96,52539.55,50668.49
2006-12-28,52052.5,52271.6,50283.41
2006-12-29,51990.04,52151.38,50107.41
2007-01-03,52563.52,52798.8,50819.97
2007-01-04,53567.49,54810.44,53726.87
2007-01-05,53342.5,54344.55,53044.54
2007-01-08,53395.84,54458.67,53208.97
2007-01-09,53652.14,54976.03,53969.86
2007-01-10,54263.78,56234.98,55821.03
2007-01-11,54822.7,57393.42,57545.9
2007-01-12,55118.74,58013.27,58483.9
2007-01-16,55047.08,57862.43,58255.81
2007-01-17,54606.71,56936.64,56857.67
2007-01-18,53591.02,54818.59,53685.01
2007-01-19,53682.13,55010.46,53964.17
2007-01-22,53150.67,53921.25,52361.44
2007-01-23,52980.59,53581.55,51864.0
2007-01-24,53854.77,55349.74,54426.09
2007-01-25,53111.58,53822.09,52172.85
2007-01-26,52968.18,53531.45,51750.25
2007-01-29,53031.74,53659.92,51936.55
2007-01-30,53111.28,53820.9,52170.26
2007-01-31,53546.8,54698.18,53448.43
2007-02-01,54019.77,55148.5,53872.91
2007-02-02,54219.65,55562.12,54476.28
2007-02-05,54138.32,55395.43,54225.69
2007-02-06,54067.94,55251.4,54014.21
2007-02-07,54608.62,56356.43,55629.24
2007-02-08,54597.7,56328.25,55590.3
2007-02-09,53844.25,54773.59,53288.86
2007-02-12,53628.87,54335.4,52654.72
2007-02-13,53789.76,54666.85,53133.88
2007-02-14,54731.08,56574.72,55918.09
2007-02-15,54982.84,57100.87,56695.35
2007-02-16,54922.36,56980.96,56513.93
2007-02-20,55290.34,57744.5,57649.86
2007-02-21,55456.21,58085.19,58162.94
2007-02-22,55672.49,58538.26,58849.27
2007-02-23,55472.07,58122.64,58219.58
2007-02-26,55194.71,57541.41,57346.28
2007-02-27,52953.8,52869.05,50361.51
2007-02-28,53117.96,53191.55,50824.83
2007-03-01,53365.96,53192.22,50606.29
2007-03-02,52533.45,51527.3,48232.85
2007-03-05,52134.19,50744.09,47133.14
2007-03-06,53051.75,52530.28,49621.77
2007-03-07,52839.55,52110.04,49026.31
2007-03-08,53156.58,52730.15,49903.88
2007-03-09,53103.43,52629.96,49759.16
2007-03-12,53459.22,53335.2,50759.32
2007-03-13,52427.46,51276.46,47815.28
2007-03-14,53056.59,52507.1,49536.63
2007-03-15,53109.64,52612.11,49685.24
2007-03-16,53029.98,52454.27,49461.66
2007-03-19,53517.86,53419.43,50826.8
2007-03-20,53790.8,53969.65,51609.53
2007-03-21,54979.57,56355.11,55036.4
2007-03-22,54776.15,55943.72,54431.0
2007-03-23,54600.86,55591.27,53913.91
2007-03-26,54873.87,56141.63,54717.22
2007-03-27,54478.78,55333.19,53529.86
2007-03-28,53890.41,54132.46,51790.14
2007-03-29,53928.13,54202.83,51893.72
2007-03-30,53949.7,54240.77,51950.8
2007-04-02,54476.93,54800.99,52534.72
2007-04-03,55185.13,56220.33,54578.33
2007-04-04,55350.68,56557.65,55074.99
2007-04-05,55693.86,57258.97,56099.38
2007-04-09,55549.05,56961.22,55656.2
2007-04-10,55815.69,57513.75,56463.21
2007-04-11,55235.2,56323.21,54707.21
2007-04-12,55710.23,57286.34,56113.18
2007-04-13,55816.08,57498.3,56427.42
2007-04-16,56340.75,58579.27,58024.31
2007-04-17,56368.92,58637.84,58117.15
2007-04-18,56290.0,58479.52,57878.87
2007-04-19,56290.0,58485.37,57884.66
2007-04-20,56700.92,59339.26,59158.12
2007-04-23,56831.33,59612.22,59572.23
2007-04-24,57098.44,60172.57,60412.2
2007-04-25,57789.33,61628.75,62599.12
2007-04-26,58043.6,62171.08,63419.17
2007-04-27,58090.04,62270.56,63571.37
2007-04-30,57375.53,60732.47,61219.23
2007-05-01,58049.16,61605.99,62280.88
2007-05-02,58554.18,62677.94,63906.41
2007-05-03,58735.7,63072.81,64507.13
2007-05-04,58735.7,63079.11,64513.58
2007-05-07,58741.57,63098.04,64539.38
2007-05-08,58859.06,63356.74,64933.07
2007-05-09,59041.52,63743.22,65530.46
2007-05-10,58096.86,61703.43,62391.55
2007-05-11,58828.88,63258.36,64743.71
2007-05-14,58499.44,62543.54,63649.54
2007-05-15,57996.34,61461.54,62001.02
2007-05-16,58611.1,62758.37,63966.45
2007-05-17,58400.1,62300.24,63269.22
2007-05-18,58779.7,63110.14,64502.97
2007-05-21,59220.55,64056.79,65954.28
2007-05-22,59386.37,64409.11,66501.7
2007-05-23,59012.23,63597.55,65251.47
2007-05-24,58085.74,61606.95,62184.65
2007-05-25,58538.81,62568.02,63639.77
2007-05-29,58866.63,63268.78,64702.56
2007-05-30,59431.75,64489.87,66572.46
2007-05-31,59746.73,65167.01,67624.31
2007-06-01,60246.73,65673.58,68131.12
2007-06-04,60415.43,66047.92,68710.23
2007-06-05,60373.13,65955.45,68565.94
2007-06-06,59823.74,64761.65,66700.95
2007-06-07,58800.75,62553.28,63285.86
2007-06-08,59553.4,64154.65,65716.04
2007-06-11,59416.43,63865.95,65269.17
2007-06-12,59065.87,63105.95,64107.38
2007-06-13,59792.38,64652.04,66466.53
2007-06-14,60127.22,65376.14,67576.52
2007-06-15,60686.4,66592.14,69461.9
2007-06-18,60747.09,66725.32,69670.29
2007-06-19,60668.12,66545.17,69391.61
2007-06-20,60055.37,65200.95,67289.04
2007-06-21,60655.93,66504.97,69307.71
2007-06-22,60049.37,65174.87,67235.41
2007-06-25,59767.13,64562.23,66287.39
2007-06-26,59635.65,64271.7,65843.27
2007-06-27,60398.98,65917.06,68371.65
2007-06-28,60356.7,65824.77,68221.23
2007-06-29,60435.17,65989.33,68480.47
2007-07-02,61568.89,67865.66,71125.77
2007-07-03,61919.84,68632.54,72334.9
2007-07-05,62421.39,69737.53,74085.41
2007-07-06,62652.34,70246.61,74900.35
2007-07-09,62677.41,70309.83,74997.72
2007-07-10,62132.11,69086.44,73040.28
2007-07-11,62517.33,69943.11,74391.52
2007-07-12,63680.15,72545.0,78550.01
2007-07-13,64030.39,73342.99,79846.08
2007-07-16,63902.33,73042.29,79359.02
2007-07-17,64336.87,74035.66,80977.95
2007-07-18,64214.63,73761.73,80524.47
2007-07-19,64689.82,74846.03,82304.06
2007-07-20,64152.89,73596.1,80246.46
2007-07-23,64165.72,73625.54,80302.63
2007-07-24,63036.41,71041.28,76070.68
2007-07-25,63370.5,71794.32,77280.21
2007-07-26,62597.38,70042.54,74451.75
2007-07-27,61639.64,67899.24,71034.42
2007-07-30,62200.56,69128.21,72966.55
2007-07-31,60881.91,66197.18,68325.88
2007-08-01,61793.17,67597.59,70216.16
2007-08-02,62479.07,69091.49,72547.34
2007-08-03,60954.58,65712.92,67229.62
2007-08-06,62094.43,68164.01,70994.48
2007-08-07,62324.18,68668.43,71789.62
2007-08-08,63140.63,70467.54,74610.95
2007-08-09,61530.54,66880.74,68910.67
2007-08-10,61161.36,66078.17,67670.28
2007-08-13,61454.93,66712.52,68644.73
2007-08-14,60404.05,64430.95,65123.26
2007-08-15,59250.34,61963.25,61385.18
2007-08-16,58651.91,60711.59,59525.21
2007-08-17,60006.77,63516.47,63656.26
2007-08-20,60144.78,63802.29,64089.12
2007-08-21,60716.16,65014.53,65909.25
2007-08-22,61535.83,66769.93,68578.58
2007-08-23,61381.99,66436.08,68057.38
2007-08-24,62321.13,68462.38,71174.41
2007-08-27,61878.65,67490.21,69665.51
2007-08-28,60344.06,64142.7,64489.37
2007-08-29,62112.14,67901.46,70151.53
2007-08-30,62397.86,68519.36,71112.61
2007-08-31,63190.31,70259.75,73829.11
2007-09-04,64709.36,73024.07,77889.47
2007-09-05,63874.61,71132.74,74867.36
2007-09-06,64015.13,71438.61,75354.0
2007-09-07,62722.02,68559.64,70795.08
2007-09-10,62778.47,68689.9,70993.31
2007-09-11,63701.32,70709.38,74117.01
2007-09-12,63701.32,70709.38,74117.01
2007-09-13,64013.45,71395.27,75199.12
2007-09-14,64083.87,71552.33,75447.28
2007-09-17,63513.52,70285.86,73440.38
2007-09-18,65190.28,73989.92,79249.52
2007-09-19,65379.33,74426.46,79946.91
2007-09-20,65098.2,73786.4,78915.6
2007-09-21,65638.51,75011.25,80880.6
2007-09-24,65887.94,75581.34,81802.63
2007-09-25,66513.88,77017.38,84142.19
2007-09-26,66886.35,77872.27,85547.36
2007-09-27,67140.52,78471.89,86531.16
2007-09-28,66972.67,78079.53,85873.52
2007-10-01,68309.33,80520.45,89577.98
2007-10-02,68275.18,80439.93,89443.61
2007-10-03,67858.7,79458.56,87806.79
2007-10-04,67940.13,79649.26,88122.9
2007-10-05,69360.08,82986.56,93657.02
2007-10-08,69797.05,84032.19,95436.5
2007-10-09,70055.3,84654.03,96486.3
2007-10-10,70244.44,85102.7,97258.19
2007-10-11,69078.39,82285.8,92424.46
2007-10-12,70273.44,85132.89,97221.29
2007-10-15,69655.04,83643.06,94664.37
2007-10-16,69404.28,83040.83,93641.99
2007-10-17,70306.53,85199.89,97294.03
2007-10-18,70573.7,85855.93,98412.91
2007-10-19,68752.9,81425.77,90795.75
2007-10-22,69605.43,83436.98,94164.28
2007-10-23,71143.71,87124.9,100416.78
2007-10-24,70610.14,85818.02,98147.37
2007-10-25,69734.57,83698.32,94506.1
2007-10-26,70801.51,86259.49,98843.93
2007-10-29,71084.72,86949.56,100039.94
2007-10-30,71219.78,87279.97,100610.17
2007-10-31,72231.1,89758.72,104896.16
2007-11-01,71371.03,86883.05,99472.9
2007-11-02,71913.45,88212.36,101750.83
2007-11-05,71481.96,87144.99,99909.14
2007-11-06,72246.82,89001.18,103106.23
2007-11-07,70476.77,84640.12,95517.61
2007-11-08,68418.85,79705.6,87159.82
2007-11-09,66085.77,74269.68,78234.65
2007-11-12,64393.97,70459.64,72218.41
2007-11-13,67117.84,76427.57,81390.15
2007-11-14,66205.04,74356.39,78077.57
2007-11-15,65748.22,73330.27,76469.17
2007-11-16,66543.78,75112.19,79252.65
2007-11-19,65652.09,73099.19,76066.69
2007-11-20,65940.96,73735.15,77063.16
2007-11-21,65176.04,72024.5,74381.37
2007-11-23,65906.01,73637.84,76888.02
2007-11-26,64620.85,70765.97,72390.07
2007-11-27,66061.89,73922.13,77240.2
2007-11-28,68063.57,78401.81,84261.34
2007-11-29,68294.98,78927.1,85112.38
2007-11-30,67864.73,77924.73,83495.24
2007-12-03,67653.73,76801.34,81382.99
2007-12-04,67376.35,76179.25,80390.12
2007-12-05,68690.19,79157.86,85100.98
2007-12-06,69617.51,81295.12,88547.57
2007-12-07,69694.09,81473.97,88839.78
2007-12-10,69854.38,81848.75,89452.77
2007-12-11,68177.88,77928.19,83021.12
2007-12-12,68757.39,79245.18,85129.85
2007-12-13,68537.37,78738.01,84321.12
2007-12-14,67797.16,77045.14,81597.55
2007-12-17,66115.79,73231.41,75534.85
2007-12-18,66400.09,73861.2,76509.25
2007-12-19,66446.57,73971.99,76677.57
2007-12-20,67709.06,76790.32,81055.86
2007-12-21,69083.55,79915.69,86000.27
2007-12-24,69636.22,81194.34,88055.67
2007-12-26,69907.8,81827.66,89085.92
2007-12-27,68901.13,79462.84,85228.5
2007-12-28,68935.58,79534.35,85347.82
2007-12-31,68211.75,77864.13,82659.37
2008-01-02,67550.53,75715.42,78943.19
2008-01-03,67618.08,75866.85,79180.02
2008-01-04,64710.5,69342.3,68965.79
2008-01-07,64509.9,68912.38,68324.41
2008-01-08,62955.21,65597.7,63391.39
2008-01-09,64233.2,68267.52,67258.26
2008-01-10,64380.94,68581.55,67715.62
2008-01-11,63035.37,65714.84,63469.85
2008-01-14,64233.05,68212.01,67087.63
2008-01-15,62421.67,64358.03,61405.31
2008-01-16,61703.82,62877.8,59286.83
2008-01-17,60710.39,60853.13,56417.34
2008-01-18,60777.17,60987.01,56597.88
2008-01-22,59178.73,57779.09,52132.31
2008-01-23,58977.53,57386.19,51600.56
2008-01-24,60210.16,59784.94,54835.91
2008-01-25,58963.81,57315.82,51436.09
2008-01-28,59488.59,58336.04,52809.43
2008-01-29,59571.87,58505.21,53036.51
2008-01-30,59601.66,58557.87,53110.76
2008-01-31,60686.41,60689.38,56010.61
2008-02-01,61645.3,62107.22,57787.75
2008-02-04,60763.78,60337.16,55314.43
2008-02-05,58928.71,56686.76,50297.41
2008-02-06,57850.31,54606.36,47531.06
2008-02-07,58261.05,55381.77,48543.47
2008-02-08,58942.71,56672.16,50242.49
2008-02-11,59585.18,57907.62,51885.42
2008-02-12,59168.08,57096.91,50795.82
2008-02-13,60576.29,59820.43,54427.73
2008-02-14,59401.11,57499.4,51254.59
2008-02-15,59163.5,57033.65,50634.41
2008-02-19,58648.78,56035.57,49307.79
2008-02-20,59399.48,57475.68,51206.14
2008-02-21,58698.57,56113.51,49388.32
2008-02-22,58933.36,56568.03,49985.92
2008-02-25,59334.11,57337.35,51000.63
2008-02-26,59529.91,57715.78,51500.44
2008-02-27,59815.66,58269.85,52247.19
2008-02-28,59636.21,57914.4,51771.75
2008-02-29,58002.18,54740.69,47516.11
2008-03-03,58098.51,54478.37,47026.98
2008-03-04,58447.1,55132.11,47878.16
2008-03-05,58780.25,55755.11,48692.09
2008-03-06,57404.79,53145.77,45269.04
2008-03-07,57238.32,52837.52,44870.67
2008-03-10,56082.11,50702.88,42151.51
2008-03-11,58359.04,54819.96,47285.56
2008-03-12,58166.45,54458.15,46817.44
2008-03-13,58678.32,55411.17,48048.73
2008-03-14,57451.94,53094.98,45036.08
2008-03-17,56561.44,51443.72,42937.4
2008-03-18,59038.83,55950.19,48575.08
2008-03-19,57515.63,53063.16,44815.37
2008-03-20,58734.96,55313.04,47670.11
2008-03-24,60825.92,59251.33,52766.04
2008-03-25,61166.55,59914.95,53652.51
2008-03-26,60921.88,59435.63,53014.04
2008-03-27,59599.88,56856.12,49568.13
2008-03-28,59254.2,56196.59,48705.65
2008-03-31,59734.16,57106.97,49894.06
2008-04-01,62721.83,62365.31,56632.85
2008-04-02,62496.03,61916.28,56021.21
2008-04-03,62714.76,62343.5,56603.83
2008-04-04,63078.51,63060.45,57583.08
2008-04-07,62908.2,62719.93,57116.66
2008-04-08,62411.22,61728.95,55762.99
2008-04-09,61737.18,60395.61,53956.27
2008-04-10,62644.72,62165.2,56330.35
2008-04-11,60809.23,58522.32,51384.54
2008-04-14,60547.75,58013.17,50716.54
2008-04-15,60674.9,58256.83,51041.13
2008-04-16,62440.54,61641.55,55491.92
2008-04-17,62234.48,61240.88,54948.1
2008-04-18,64244.66,65190.92,60267.07
2008-04-21,64681.52,66070.99,61490.49
2008-04-22,63620.75,63897.26,58459.01
2008-04-23,64466.9,65596.93,60791.53
2008-04-24,65072.89,66830.15,62505.85
2008-04-25,64871.16,66415.8,61918.29
2008-04-28,65026.85,66741.24,62370.3
2008-04-29,65378.0,67462.04,63374.46
2008-04-30,64841.9,66355.67,61809.11
2008-05-01,67478.58,71228.03,68421.63
2008-05-02,67525.82,71327.75,68572.16
2008-05-05,67316.49,70892.65,67941.3
2008-05-06,67821.36,71956.04,69469.98
2008-05-07,66485.28,69120.97,65364.3
2008-05-08,67010.51,70213.08,66913.43
2008-05-09,66789.38,69742.65,66244.3
2008-05-12,68038.34,72358.0,69967.23
2008-05-13,68160.81,72618.49,70345.05
2008-05-14,68044.93,72378.85,69993.33
2008-05-15,69201.7,74846.97,73569.99
2008-05-16,69201.7,74839.48,73562.63
2008-05-19,68703.45,73761.79,71966.32
2008-05-20,68160.69,72596.36,70260.72
2008-05-21,66667.97,69409.38,65637.56
2008-05-22,66941.31,69985.48,66451.47
2008-05-23,66740.48,69558.56,65846.76
2008-05-27,67981.86,72146.14,69527.59
2008-05-28,68138.22,72478.02,70014.29
2008-05-29,68785.53,73847.85,72002.69
2008-05-30,69246.39,74837.41,73449.95
2008-06-02,68860.61,73431.37,71139.85
2008-06-03,68516.31,72697.06,70072.75
2008-06-04,69359.06,74492.68,72665.44
2008-06-05,70517.36,76973.28,76298.71
2008-06-06,68296.06,72123.97,69088.49
2008-06-09,67927.26,71352.24,67976.16
2008-06-10,67682.72,70838.51,67235.22
2008-06-11,66031.26,67374.5,62306.88
2008-06-12,66031.26,67367.76,62300.65
2008-06-13,67464.14,70291.53,66356.42
2008-06-16,68105.05,71634.09,68254.22
2008-06-17,67696.42,70774.48,67025.64
2008-06-18,66951.76,69217.45,64813.79
2008-06-19,68036.38,71460.09,67963.74
2008-06-20,66172.18,67544.08,62377.12
2008-06-23,65656.04,66490.39,60911.26
2008-06-24,65327.76,65825.49,59997.59
2008-06-25,66359.94,67905.57,62847.48
2008-06-26,63665.72,62391.64,55198.94
2008-06-27,63678.46,62416.6,55226.54
2008-06-30,63041.67,61162.02,53564.22
2008-07-01,64424.9,63382.39,56324.11
2008-07-02,62814.28,60213.27,52099.8
2008-07-03,62820.56,60225.32,52115.43
2008-07-07,63184.92,60923.93,53027.45
2008-07-08,64720.31,63884.83,56887.85
2008-07-09,62921.09,60326.45,52137.71
2008-07-10,63625.81,61677.76,53889.54
2008-07-11,62633.24,59753.41,51367.51
2008-07-14,62188.55,58904.92,50273.38
2008-07-15,62200.98,58928.48,50298.52
2008-07-16,63774.67,61910.26,54116.17
2008-07-17,64106.3,62554.13,54960.39
2008-07-18,63061.37,60514.86,52272.82
2008-07-21,62941.55,60284.9,51974.87
2008-07-22,63004.49,60405.47,52135.99
2008-07-23,63829.85,61994.14,54190.15
2008-07-24,62840.49,60072.32,51670.31
2008-07-25,63864.79,62024.67,54191.82
2008-07-28,62357.58,59097.11,50355.04
2008-07-29,63829.22,61886.49,53920.17
2008-07-30,64078.15,62375.39,54556.43
2008-07-31,63949.99,62132.13,54234.55
2008-08-01,63663.7,61103.9,52731.26
2008-08-04,62906.11,59649.63,50848.76
2008-08-05,65170.73,63938.44,56335.34
2008-08-06,66057.05,65677.57,58633.82
2008-08-07,65528.59,64626.72,57232.47
2008-08-08,67134.04,67799.9,61444.78
2008-08-11,67657.69,68857.57,62882.59
2008-08-12,67650.92,68843.8,62870.01
2008-08-13,67684.75,68912.65,62964.32
2008-08-14,68463.12,70497.64,65136.59
2008-08-15,68223.5,70011.2,64459.17
2008-08-18,67357.06,68232.92,62003.27
2008-08-19,66521.83,66533.92,59690.55
2008-08-20,66674.83,66833.32,60096.45
2008-08-21,66454.81,66392.22,59507.5
2008-08-22,67318.72,68111.78,61822.34
2008-08-25,65864.64,65169.35,57816.25
2008-08-26,65746.08,64934.74,57504.05
2008-08-27,66232.6,65895.78,58780.64
2008-08-28,66749.21,66923.75,60156.1
2008-08-29,65267.38,63945.64,56143.69
2008-09-02,64978.17,62905.39,54610.18
2008-09-03,64380.37,61747.93,53102.94
2008-09-04,62333.08,57820.77,48036.92
2008-09-05,62102.45,57392.89,47503.71
2008-09-08,61916.14,57048.53,47076.18
2008-09-09,60461.11,54367.25,43757.31
2008-09-10,61041.54,55411.1,45017.52
2008-09-11,62292.89,57677.42,47781.59
2008-09-12,62062.4,57250.61,47256.0
2008-09-15,59896.43,53254.51,42308.29
2008-09-16,60549.3,54415.46,43696.01
2008-09-17,57334.13,48631.1,36730.86
2008-09-18,59616.03,52502.13,41116.53
2008-09-19,61291.24,55447.5,44578.54
2008-09-22,58514.75,50418.41,38515.86
2008-09-23,57900.34,49354.59,37298.76
2008-09-24,58351.96,50129.45,38175.28
2008-09-25,59273.92,51713.54,39980.97
2008-09-26,58728.6,50762.01,38877.49
2008-09-29,52550.35,40081.69,26607.76
2008-09-30,56008.17,45356.44,31862.79
2008-10-01,55417.56,44081.79,30485.75
2008-10-02,52840.64,39982.19,26236.03
2008-10-03,52122.01,38894.67,25165.6
2008-10-06,50011.07,35744.2,22107.98
2008-10-07,47130.43,31626.47,18287.72
2008-10-08,47154.0,31654.93,18313.33
2008-10-09,45187.68,29014.91,16020.5
2008-10-10,44997.89,28774.09,15820.24
2008-10-13,50658.62,36013.65,21790.8
2008-10-14,48358.72,32740.01,18820.71
2008-10-15,44093.48,26964.67,13840.75
2008-10-16,46527.44,29944.27,16134.17
2008-10-17,46480.91,29887.37,16087.38
2008-10-20,47935.77,31758.32,17597.98
2008-10-21,45476.66,28503.09,14891.41
2008-10-22,43834.95,26445.17,13278.67
2008-10-23,43909.47,26532.44,13345.07
2008-10-24,42600.97,24953.76,12153.35
2008-10-27,41450.74,23606.26,11167.71
2008-10-28,45977.17,28764.22,14827.37
2008-10-29,46138.09,28965.57,14983.06
2008-10-30,47263.86,30381.99,16081.32
2008-10-31,47292.21,30421.49,16111.87
2008-11-03,47792.21,30921.49,16610.21
2008-11-04,49355.02,32943.75,18239.68
2008-11-05,46546.72,29194.75,15126.16
2008-11-06,44470.74,26590.58,13100.77
2008-11-07,45533.59,27858.95,14038.78
2008-11-10,44795.94,26956.32,13356.5
2008-11-11,43886.58,25861.9,12543.09
2008-11-12,41731.75,23319.67,10694.24
2008-11-13,44435.97,26344.23,12774.27
2008-11-14,42240.83,23741.42,10881.12
2008-11-17,41248.17,22627.95,10115.09
2008-11-18,41384.29,22777.29,10215.23
2008-11-19,38942.62,20091.85,8408.15
2008-11-20,37112.32,18205.23,7223.45
2008-11-21,38867.73,19929.26,8249.18
2008-11-24,41328.06,22454.3,9816.52
2008-11-25,40906.51,21996.23,9516.13
2008-11-26,42714.58,23940.7,10777.97
2008-11-28,42449.75,23646.23,10578.58
2008-12-01,39522.36,20294.9,8427.48
2008-12-02,40929.35,21739.9,9327.53
2008-12-03,42239.09,23133.43,10223.91
2008-12-04,40845.2,21608.94,9212.76
2008-12-05,42658.73,23529.97,10440.82
2008-12-08,44369.34,25414.72,11695.81
2008-12-09,43912.34,24891.18,11334.41
2008-12-10,44272.42,25299.39,11613.24
2008-12-11,42753.88,23563.85,10418.23
2008-12-12,43703.01,24610.09,11112.09
2008-12-15,42807.1,23598.61,10427.58
2008-12-16,45037.35,26059.95,12058.46
2008-12-17,44397.82,25319.85,11545.97
2008-12-18,43629.74,24446.31,10947.89
2008-12-19,44083.49,24954.8,11288.37
2008-12-22,43069.57,23804.38,10508.34
2008-12-23,42854.22,23566.34,10350.72
2008-12-24,42892.79,23611.11,10379.7
2008-12-26,42935.68,23655.97,10409.8
2008-12-29,42489.15,23166.29,10086.06
2008-12-30,43508.89,24280.59,10813.26
2008-12-31,43883.07,24698.22,11091.16
2009-01-02,46291.54,27362.75,13085.26
2009-01-05,46249.88,27310.76,13048.63
2009-01-06,46689.25,27829.66,13419.21
2009-01-07,45372.61,26262.85,12285.28
2009-01-08,45880.79,26853.77,12699.3
2009-01-09,44798.0,25588.95,11801.46
2009-01-12,43996.12,24672.87,11167.72
2009-01-13,44053.31,24734.55,11210.16
2009-01-14,42617.17,23121.86,10112.68
2009-01-15,43354.45,23921.88,10636.52
2009-01-16,43892.05,24512.75,11031.13
2009-01-20,41635.99,21995.29,9331.24
2009-01-21,43434.67,23897.88,10541.5
2009-01-22,42787.49,23185.72,10070.29
2009-01-23,43074.17,23496.41,10272.71
2009-01-26,43392.92,23841.81,10499.73
2009-01-27,43753.08,24237.58,10761.18
2009-01-28,45271.31,25922.09,11882.49
2009-01-29,44098.78,24576.74,10958.03
2009-01-30,43234.45,23613.33,10313.7
2009-02-02,44307.37,24747.51,11239.76
2009-02-03,45047.3,25571.6,11801.75
2009-02-04,45038.29,25561.37,11794.67
2009-02-05,46137.23,26808.77,12659.22
2009-02-06,47336.79,28202.82,13646.63
2009-02-09,47493.01,28386.14,13780.37
2009-02-10,45550.54,26066.99,12090.9
2009-02-11,45468.55,25973.15,12024.4
2009-02-12,46050.55,26640.66,12487.34
2009-02-13,45829.51,26384.91,12307.52
2009-02-17,43982.58,24260.93,10820.77
2009-02-18,44048.55,24331.28,10868.38
2009-02-19,43273.3,23477.26,10295.62
2009-02-20,43450.72,23672.12,10423.28
2009-02-23,41830.01,21906.18,9256.92
2009-02-24,43402.81,23555.71,10302.03
2009-02-25,43007.85,23129.35,10021.81
2009-02-26,41756.32,21785.54,9147.91
2009-02-27,41380.51,21395.58,8901.83
2009-03-02,40368.63,20314.72,8383.61
2009-03-03,40517.99,20465.05,8476.67
2009-03-04,41628.18,21586.53,9174.3
2009-03-05,40287.76,20194.2,8287.14
2009-03-06,39921.14,19824.65,8060.08
2009-03-09,39138.68,19049.5,7586.95
2009-03-10,41710.09,21552.61,9082.34
2009-03-11,42214.79,22076.33,9412.94
2009-03-12,43666.97,23595.19,10385.29
2009-03-13,43811.08,23748.55,10487.07
2009-03-16,42948.0,22810.49,9866.23
2009-03-17,44700.28,24671.82,11073.86
2009-03-18,45254.56,25283.68,11485.81
2009-03-19,45150.47,25167.38,11407.7
2009-03-20,44513.85,24455.14,10924.02
2009-03-23,47238.1,27448.45,12928.57
2009-03-24,46283.89,26339.53,12143.81
2009-03-25,46371.83,26439.62,12211.82
2009-03-26,48045.85,28348.57,13534.35
2009-03-27,46926.38,27027.52,12589.66
2009-03-30,45776.69,25703.17,11664.32
2009-03-31,46385.52,26384.31,12128.56
2009-04-01,47471.59,27559.1,13103.39
2009-04-02,49057.14,29397.3,14415.04
2009-04-03,49886.2,30390.92,15145.88
2009-04-06,49771.46,30251.13,15039.86
2009-04-07,48343.02,28514.71,13744.93
2009-04-08,49305.05,29646.75,14564.13
2009-04-09,50803.92,31449.27,15892.38
2009-04-13,50666.75,31279.44,15763.65
2009-04-14,50124.62,30606.93,15256.06
2009-04-15,49904.07,30337.59,15054.68
2009-04-16,51286.41,32018.3,16305.72
2009-04-17,51322.31,32063.12,16339.96
2009-04-20,49633.81,29953.37,14727.21
2009-04-21,50378.32,30854.96,15391.41
2009-04-22,50630.21,31163.51,15622.28
2009-04-23,50959.3,31568.64,15926.91
2009-04-24,52054.93,32922.93,16952.61
2009-04-27,51930.0,32761.61,16828.85
2009-04-28,51623.61,32378.3,16532.66
2009-04-29,52397.97,33349.65,17278.29
2009-04-30,52848.59,33926.6,17725.79
2009-05-01,53433.95,34540.21,18315.1
2009-05-04,54630.87,36091.06,19547.71
2009-05-05,54472.44,35881.73,19377.64
2009-05-06,54472.44,35885.32,19379.58
2009-05-07,53170.54,34170.0,17990.06
2009-05-08,53335.37,34381.86,18157.37
2009-05-11,53399.38,34460.94,18220.92
2009-05-12,52694.5,33551.17,17501.2
2009-05-13,51255.94,31719.27,16069.6
2009-05-14,52014.53,32658.16,16783.09
2009-05-15,51837.68,32439.35,16613.58
2009-05-18,53278.77,34239.74,17997.49
2009-05-19,53481.23,34499.96,18204.46
2009-05-20,53315.44,34286.06,18035.16
2009-05-21,52307.78,32990.05,17012.57
2009-05-22,52145.62,32785.51,16854.35
2009-05-26,54038.51,35162.46,18688.1
2009-05-27,53627.82,34627.99,18262.01
2009-05-28,54330.34,35538.71,18981.54
2009-05-29,54911.67,36302.79,19592.74
2009-06-01,57013.07,38933.67,21836.79
2009-06-02,57138.5,39101.08,21978.73
2009-06-03,56949.94,38843.02,21761.14
2009-06-04,57616.26,39755.83,22527.13
2009-06-05,57633.54,39779.68,22547.41
2009-06-08,57449.12,39529.07,22333.21
2009-06-09,57954.67,40220.83,22920.57
2009-06-10,57711.26,39882.97,22634.06
2009-06-11,57780.51,39974.7,22713.28
2009-06-12,57508.94,39598.94,22393.03
2009-06-15,56232.24,37844.71,20903.89
2009-06-16,55703.66,37133.23,20314.4
2009-06-17,56193.85,37783.06,20848.67
2009-06-18,56115.18,37673.49,20759.02
2009-06-19,56788.56,38577.65,21506.34
2009-06-22,55067.87,36235.99,19549.27
2009-06-23,54985.27,36127.28,19461.3
2009-06-24,55859.54,37272.52,20387.65
2009-06-25,56971.14,38752.23,21602.76
2009-06-26,57142.05,38980.87,21795.02
2009-06-29,57284.91,39171.88,21956.31
2009-06-30,57032.85,38823.25,21664.29
2009-07-01,57693.95,39539.53,22348.25
2009-07-02,56326.6,37669.31,20761.52
2009-07-06,56123.82,37394.32,20535.22
2009-07-07,54715.12,35513.39,18986.87
2009-07-08,54977.75,35854.32,19260.28
2009-07-09,55109.7,36030.0,19400.88
2009-07-10,55297.07,36278.61,19600.71
2009-07-13,56380.89,37700.73,20755.19
2009-07-14,56583.86,37968.41,20977.27
2009-07-15,58456.79,40485.71,23062.41
2009-07-16,59152.42,41449.27,23888.04
2009-07-17,59477.76,41905.21,24284.59
2009-07-20,60132.02,42822.94,25083.55
2009-07-21,60480.78,43323.96,25522.51
2009-07-22,60946.49,43991.15,26114.63
2009-07-23,62366.54,46045.54,27942.66
2009-07-24,62272.99,45902.8,27814.12
2009-07-27,62285.44,45916.57,27828.03
2009-07-28,62528.36,46270.13,28150.83
2009-07-29,62297.0,45932.36,27841.17
2009-07-30,62695.7,46520.29,28375.73
2009-07-31,62444.92,46143.48,28032.38
2009-08-03,63914.27,48084.76,29853.43
2009-08-04,63927.05,48108.8,29874.33
2009-08-05,63377.28,47276.52,29100.58
2009-08-06,62819.56,46449.18,28335.24
2009-08-07,63573.4,47563.96,29355.3
2009-08-10,63217.39,47031.24,28862.13
2009-08-11,62597.85,46114.14,28016.47
2009-08-12,63574.38,47552.9,29327.65
2009-08-13,63930.4,48085.49,29820.35
2009-08-14,63259.13,47075.69,28883.99
2009-08-17,61424.61,44350.01,26373.97
2009-08-18,62272.27,45574.07,27465.85
2009-08-19,62670.82,46152.86,27990.45
2009-08-20,63360.2,47172.84,28916.94
2009-08-21,64285.25,48550.29,30183.5
2009-08-24,64169.54,48370.65,30017.49
2009-08-25,64368.47,48675.39,30299.65
2009-08-26,64252.6,48505.02,30139.06
2009-08-27,64406.81,48742.7,30359.08
2009-08-28,64496.98,48879.18,30483.55
2009-08-31,63787.51,47803.83,29477.59
2009-09-01,63123.91,46560.07,28352.81
2009-09-02,63060.78,46466.95,28270.59
2009-09-03,63521.13,47150.01,28892.54
2009-09-04,64791.55,49036.01,30623.2
2009-09-08,65452.42,50036.34,31563.33
2009-09-09,66021.86,50906.98,32387.14
2009-09-10,66688.68,51940.39,33371.71
2009-09-11,66662.01,51898.84,33331.66
2009-09-14,66988.65,52407.45,33824.97
2009-09-15,67216.41,52763.82,34169.98
2009-09-16,68170.88,54267.58,35629.04
2009-09-17,68068.63,54099.35,35465.15
2009-09-18,68231.99,54359.03,35720.5
2009-09-21,68484.45,54755.85,36113.42
2009-09-22,68580.33,54914.64,36268.71
2009-09-23,68189.42,54294.11,35652.14
2009-09-24,67616.63,53381.97,34753.71
2009-09-25,67001.32,52405.08,33801.46
2009-09-28,68207.34,54286.42,35623.36
2009-09-29,67934.51,53852.13,35195.88
2009-09-30,67988.86,53932.91,35276.83
2009-10-01,66393.1,51101.61,32492.51
2009-10-02,66233.76,50861.44,32261.82
2009-10-05,66757.0,51665.05,33026.42
2009-10-06,67938.6,53488.82,34776.82
2009-10-07,68142.42,53815.1,35093.29
2009-10-08,68435.43,54277.91,35545.99
2009-10-09,68832.36,54907.54,36164.49
2009-10-12,68908.07,55028.33,36280.22
2009-10-13,68935.64,55066.85,36320.13
2009-10-14,69893.84,56592.21,37831.05
2009-10-15,69858.89,56535.61,37774.3
2009-10-16,69300.02,55631.04,36867.72
2009-10-19,69993.02,56743.67,37970.06
2009-10-20,69972.03,56709.62,37939.69
2009-10-21,69867.07,56539.49,37768.96
2009-10-22,70251.34,57155.77,38388.37
2009-10-23,69871.98,56538.49,37766.48
2009-10-26,69599.48,56097.49,37320.83
2009-10-27,68632.05,54537.98,35764.55
2009-10-28,67019.19,51980.15,33246.73
2009-10-29,68185.33,53783.86,34978.88
2009-10-30,66426.15,51008.61,32271.52
2009-11-02,67160.39,51864.02,33112.34
2009-11-03,67415.6,52253.0,33486.51
2009-11-04,67476.27,52347.06,33573.58
2009-11-05,69095.7,54864.95,35994.23
2009-11-06,69482.64,55479.44,36602.53
2009-11-09,70990.41,57892.79,38989.02
2009-11-10,71182.08,58205.41,39304.83
2009-11-11,71573.59,58845.67,39953.36
2009-11-12,71179.93,58198.37,39294.13
2009-11-13,71799.2,59211.02,40323.63
2009-11-16,72560.27,60466.3,41605.93
2009-11-17,72748.92,60774.67,41926.29
2009-11-18,72326.98,60069.69,41200.97
2009-11-19,71184.21,58165.48,39243.92
2009-11-20,70828.29,57589.64,38659.19
2009-11-23,71975.71,59455.54,40534.16
2009-11-24,71709.4,59009.63,40080.17
2009-11-25,72010.58,59499.41,40581.18
2009-11-27,70880.01,57625.18,38665.75
2009-11-30,70957.98,57751.95,38793.34
2009-12-01,72279.75,59585.92,40645.03
2009-12-02,72402.63,59794.47,40856.39
2009-12-03,72084.05,59268.28,40313.0
2009-12-04,72444.47,59866.89,40921.72
2009-12-07,72111.23,59316.12,40357.0
2009-12-08,71671.35,58592.46,39614.43
2009-12-09,72359.4,59711.57,40751.37
2009-12-10,72750.14,60356.46,41411.54
2009-12-11,72451.86,59867.57,40906.32
2009-12-14,73140.15,61005.06,42072.15
2009-12-15,72701.31,60273.0,41314.85
2009-12-16,72810.36,60447.79,41496.64
2009-12-17,71900.24,58936.59,39936.36
2009-12-18,73079.4,60863.82,41897.24
2009-12-21,73949.04,62306.29,43388.78
2009-12-22,74385.34,63035.28,44152.42
2009-12-23,74891.16,63892.55,45053.13
2009-12-24,75610.12,65125.68,46355.17
2009-12-28,75950.36,65705.3,46976.33
2009-12-29,75699.73,65271.64,46515.96
2009-12-30,75964.68,65735.07,47009.03
2009-12-31,75220.22,64453.24,45631.66
2010-01-04,76795.45,66797.91,48096.87
2010-01-05,76864.57,66918.15,48231.54
2010-01-06,76457.18,66208.82,47464.66
2010-01-07,76388.37,66089.64,47336.51
2010-01-08,77037.67,67206.55,48538.86
2010-01-11,76775.75,66756.27,48048.61
2010-01-12,75777.66,65027.28,46179.52
2010-01-13,76770.35,66724.5,47989.76
2010-01-14,76785.7,66751.19,48018.55
2010-01-15,75887.31,65195.88,46337.9
2010-01-19,77147.04,67360.39,48645.53
2010-01-20,76028.41,65406.93,46524.59
2010-01-21,75321.34,64190.37,45226.55
2010-01-22,73054.17,60319.69,41138.07
2010-01-25,73361.0,60826.37,41660.52
2010-01-26,73419.69,60923.69,41760.51
2010-01-27,74029.07,61941.12,42804.52
2010-01-28,72082.11,58683.02,39431.53
2010-01-29,70856.71,56693.66,37424.46
2010-02-01,72163.04,58486.24,39210.1
2010-02-02,72826.94,59562.39,40292.3
2010-02-03,73147.38,60086.54,40820.13
2010-02-04,71026.11,56607.52,37272.86
2010-02-05,71565.9,57467.96,38118.95
2010-02-08,71107.88,56726.62,37383.26
2010-02-09,71882.96,57968.94,38609.43
2010-02-10,71717.63,57696.48,38339.16
2010-02-11,72779.05,59410.07,40045.25
2010-02-12,72917.33,59635.83,40273.51
2010-02-16,73857.96,61174.43,41832.1
2010-02-17,74219.87,61773.94,42442.85
2010-02-18,74731.98,62626.42,43325.66
2010-02-19,74731.98,62620.16,43321.32
2010-02-22,74500.31,62231.91,42914.1
2010-02-23,73524.36,60601.44,41227.58
2010-02-24,74289.01,61861.95,42518.0
2010-02-25,74303.87,61886.69,42547.77
2010-02-26,74541.64,62282.77,42951.97
2010-03-01,76182.28,64697.64,45437.72
2010-03-02,76380.35,65034.07,45792.14
2010-03-03,76395.63,65060.08,45819.61
2010-03-04,76731.77,65632.61,46424.43
2010-03-05,77921.11,67667.22,48583.17
2010-03-08,78014.61,67836.39,48762.93
2010-03-09,78443.69,68589.37,49572.39
2010-03-10,79102.62,69741.67,50821.62
2010-03-11,79371.57,70208.94,51334.91
2010-03-12,79395.38,70251.07,51386.25
2010-03-15,79212.77,69934.94,51036.82
2010-03-16,79711.81,70823.11,52006.52
2010-03-17,79879.21,71113.49,52328.96
2010-03-18,80198.72,71682.39,52956.91
2010-03-19,79725.55,70836.54,52014.28
2010-03-22,80435.11,72097.43,53397.86
2010-03-23,80998.16,73106.8,54513.87
2010-03-24,80528.37,72258.76,53565.33
2010-03-25,80415.63,72056.43,53345.71
2010-03-26,80560.37,72315.84,53633.78
2010-03-29,80914.84,72952.22,54341.75
2010-03-30,81189.95,73455.59,54901.47
2010-03-31,80792.12,72735.72,54094.41
2010-04-01,81340.9,73323.6,54698.14
2010-04-05,82097.37,74687.42,56229.69
2010-04-06,82269.77,75001.11,56578.32
2010-04-07,82080.55,74648.61,56182.27
2010-04-08,82220.09,74909.88,56474.41
2010-04-09,82787.41,75943.63,57643.44
2010-04-12,82837.08,76034.76,57747.19
2010-04-13,83176.71,76658.25,58457.48
2010-04-14,84216.42,78574.71,60643.79
2010-04-15,84620.66,79336.88,61523.13
2010-04-16,83545.97,77329.66,59185.25
2010-04-19,83571.04,77383.79,59244.44
2010-04-20,83988.89,78157.63,60133.1
2010-04-21,84442.43,79001.73,61107.26
2010-04-22,84881.53,79823.35,62066.64
2010-04-23,85305.94,80613.6,62991.43
2010-04-26,85050.02,80121.85,62418.21
2010-04-27,83272.48,76772.76,58504.59
2010-04-28,83330.77,76872.57,58621.6
2010-04-29,84797.39,79578.48,61710.96
2010-04-30,83042.09,76283.93,57878.71
2010-05-03,84836.99,79164.23,61087.48
2010-05-04,82224.01,74279.8,55436.89
2010-05-05,81780.0,73470.15,54533.27
2010-05-06,79089.44,68628.47,49145.38
2010-05-07,77238.74,65416.65,45695.37
2010-05-10,81131.58,72010.65,52599.95
2010-05-11,81042.33,71852.23,52426.37
2010-05-12,82509.2,74453.28,55273.12
2010-05-13,81255.06,72189.9,52752.66
2010-05-14,79654.33,69338.4,49629.71
2010-05-17,80004.81,69948.58,50279.85
2010-05-18,78820.74,67878.1,48042.4
2010-05-19,78253.23,66893.87,46999.88
2010-05-20,75193.53,61656.08,41482.09
2010-05-21,76140.97,63209.81,43045.97
2010-05-24,75828.79,62691.49,42516.5
2010-05-25,75843.96,62716.57,42546.27
2010-05-26,75040.01,61386.98,41197.55
2010-05-27,77808.99,65911.2,45754.0
2010-05-28,77381.04,65179.58,44994.48
2010-06-01,77148.96,64451.37,44216.09
2010-06-02,79023.68,67583.71,47435.02
2010-06-03,79695.38,68739.39,48649.35
2010-06-04,77017.61,64126.98,43750.36
2010-06-07,75592.79,61754.28,41322.22
2010-06-08,75486.96,61587.54,41152.8
2010-06-09,74784.93,60435.86,40000.52
2010-06-10,76938.73,63910.92,43452.56
2010-06-11,77654.26,65099.66,44669.24
2010-06-14,77584.38,64982.48,44548.63
2010-06-15,79772.25,68647.49,48312.99
2010-06-16,80099.32,69217.27,48912.07
2010-06-17,80323.6,69604.88,49322.93
2010-06-18,80444.08,69813.7,49539.95
2010-06-21,79704.0,68529.13,48167.7
2010-06-22,79058.4,67425.81,47002.04
2010-06-23,78797.5,66987.54,46541.42
2010-06-24,77544.62,64857.34,44321.39
2010-06-25,77288.73,64429.28,43882.61
2010-06-28,77180.52,64255.32,43702.69
2010-06-29,74155.05,59217.7,38567.63
2010-06-30,73109.46,57541.84,36932.36
2010-07-01,73410.71,57728.42,37125.41
2010-07-02,73153.78,57324.32,36735.6
2010-07-06,73424.45,57742.78,37139.69
2010-07-07,75752.0,61409.45,40675.39
2010-07-08,76115.61,61998.98,41261.11
2010-07-09,76815.87,63133.56,42395.79
2010-07-12,77077.05,63569.18,42832.47
2010-07-13,78094.46,65247.41,44524.35
2010-07-14,78445.89,65841.16,45129.88
2010-07-15,78563.56,66045.27,45337.48
2010-07-16,76332.35,62293.9,41470.19
2010-07-19,77004.08,63384.04,42560.86
2010-07-20,77912.73,64873.57,44063.26
2010-07-21,76923.23,63225.78,42384.45
2010-07-22,78861.7,66412.36,45588.71
2010-07-23,79382.19,67289.0,46491.37
2010-07-26,80017.24,68365.62,47607.16
2010-07-27,79953.23,68249.4,47488.14
2010-07-28,79265.63,67082.34,46267.7
2010-07-29,78742.48,66196.85,45356.22
2010-07-30,78899.96,66461.64,45628.36
2010-08-02,80892.68,69472.7,48725.39
2010-08-03,80585.29,68944.71,48174.79
2010-08-04,81326.68,70213.29,49504.41
2010-08-05,81147.76,69897.33,49172.73
2010-08-06,81058.5,69743.56,49010.46
2010-08-09,81585.38,70643.25,49961.27
2010-08-10,80908.22,69470.57,48712.24
2010-08-11,78610.42,65531.59,44566.82
2010-08-12,78044.43,64594.49,43608.64
2010-08-13,77474.7,63651.41,42653.61
2010-08-16,77590.92,63842.36,42845.55
2010-08-17,78607.36,65515.03,44529.38
2010-08-18,78835.32,65901.57,44921.24
2010-08-19,77652.79,63924.52,42895.29
2010-08-20,77769.27,64116.3,43088.32
2010-08-23,77022.68,62891.68,41851.69
2010-08-24,75613.17,60596.13,39558.21
2010-08-25,76278.56,61662.62,40602.55
2010-08-26,75347.97,60158.05,39116.5
2010-08-27,76312.42,61698.1,40618.57
2010-08-30,75480.61,60353.08,39286.28
2010-08-31,75284.36,60039.25,38975.92
2010-09-01,78042.74,64141.33,43001.12
2010-09-02,78924.62,65590.92,44454.56
2010-09-03,80203.2,67709.51,46610.6
2010-09-07,79609.7,66707.41,45575.85
2010-09-08,80620.74,68395.11,47307.73
2010-09-09,80886.79,68839.68,47771.34
2010-09-10,81153.71,69294.02,48244.28
2010-09-13,82411.6,71442.13,50487.64
2010-09-14,82708.28,71956.52,51032.91
2010-09-15,83179.72,72776.82,51905.57
2010-09-16,83545.71,73417.26,52590.72
2010-09-17,83879.89,73997.25,53216.55
2010-09-20,85322.62,76542.76,55957.21
2010-09-21,85305.56,76519.8,55929.23
2010-09-22,85032.58,76030.07,55392.31
2010-09-23,85007.07,75984.45,55342.45
2010-09-24,86792.22,79183.4,58834.56
2010-09-27,86245.43,78177.77,57716.71
2010-09-28,86305.8,78287.22,57837.91
2010-09-29,86159.08,78028.87,57548.72
2010-09-30,85685.21,77170.55,56599.17
2010-10-01,86124.88,77561.81,56973.55
2010-10-04,85203.34,75909.74,55150.39
2010-10-05,87333.42,79697.64,59281.16
2010-10-06,86556.16,78271.05,57692.42
2010-10-07,86772.55,78670.24,58130.89
2010-10-08,87440.7,79873.89,59467.9
2010-10-11,87440.7,79873.89,59461.95
2010-10-12,88070.27,81024.07,60746.33
2010-10-13,88748.41,82271.85,62149.57
2010-10-14,88633.04,82049.71,61900.97
2010-10-15,90494.33,85504.0,65806.92
2010-10-18,90774.86,86025.58,66412.35
2010-10-19,89286.16,83212.54,63151.5
2010-10-20,89973.66,84502.34,64616.61
2010-10-21,90162.6,84857.25,65023.7
2010-10-22,90775.71,86002.82,66343.68
2010-10-25,91175.12,86768.24,67226.05
2010-10-26,91412.18,87219.44,67750.41
2010-10-27,91704.7,87777.64,68407.59
2010-10-28,91869.76,88093.64,68776.99
2010-10-29,91640.09,87653.17,68268.04
2010-11-01,92315.16,88479.34,69153.15
2010-11-02,93321.39,90417.04,71421.37
2010-11-03,93610.69,90977.62,72085.59
2010-11-04,94883.79,93461.31,75033.89
2010-11-05,94836.35,93367.85,74921.34
2010-11-08,94931.19,93554.59,75153.59
2010-11-09,94409.07,92525.49,73913.56
2010-11-10,94881.11,93450.74,75022.26
2010-11-11,94245.41,92198.5,73514.31
2010-11-12,92718.63,89211.27,69948.87
2010-11-15,92440.48,88667.08,69312.34
2010-11-16,90795.04,85519.4,65617.99
2010-11-17,91067.42,86041.07,66215.11
2010-11-18,92579.14,88889.03,69506.0
2010-11-19,92597.66,88933.47,69554.66
2010-11-22,93273.62,90231.9,71077.9
2010-11-23,91790.57,87362.53,67680.38
2010-11-24,93690.63,90988.07,71890.1
2010-11-26,93400.19,90433.05,71228.71
2010-11-29,92998.57,89646.28,70302.74
2010-11-30,91817.49,87369.26,67624.2
2010-12-01,94302.32,91647.64,72518.21
2010-12-02,95283.06,93553.91,74780.78
2010-12-03,95540.32,94059.1,75386.51
2010-12-06,95483.0,93946.23,75243.27
2010-12-07,95463.9,93908.65,75198.13
2010-12-08,95950.77,94875.91,76356.18
2010-12-09,95989.15,94961.3,76455.44
2010-12-10,96593.88,96148.32,77892.8
2010-12-13,96246.14,95465.66,77059.35
2010-12-14,96467.51,95914.35,77598.77
2010-12-15,96023.76,95031.94,76535.66
2010-12-16,96705.53,96371.89,78158.22
2010-12-17,96715.2,96391.17,78189.48
2010-12-20,96918.3,96805.65,78689.89
2010-12-21,97422.28,97812.43,79917.46
2010-12-22,97480.73,97929.8,80061.31
2010-12-23,97237.03,97440.15,79452.84
2010-12-27,97217.58,97401.18,79405.17
2010-12-28,97110.64,97186.89,79143.13
2010-12-29,97295.15,97556.2,79594.25
2010-12-30,97032.45,97039.16,78957.5
2010-12-31,96692.84,96350.18,78120.55
2011-01-03,98786.8,100026.86,82488.68
